run_id,weight_index,restart,seed,weight_dem,weight_road,weight_demand,iterations,best_scalar,stop
0,0,0,123,0.0,0.0,1.0,40,0.031645559818344327,
1,1,0,1123,0.0,0.1,0.9,40,0.020520355198843328,
2,2,0,2123,0.0,0.2,0.8,40,0.0545522382718748,
3,3,0,3123,0.0,0.3,0.7,40,0.06881024072400062,
4,4,0,4123,0.0,0.4,0.6,40,0.1164144594476898,
5,5,0,5123,0.0,0.5,0.5,40,0.12969650583343217,
6,6,0,6123,0.0,0.6,0.4,40,0.10570406100892178,
7,7,0,7123,0.0,0.7,0.3,40,0.17588198621803677,
8,8,0,8123,0.0,0.8,0.2,40,0.12249191008139065,
9,9,0,9123,0.0,0.9,0.1,40,0.22719584364721707,
10,10,0,10123,0.0,1.0,0.0,40,0.14402102364000313,
11,11,0,11123,0.1,0.0,0.9,40,0.024879103877611903,
12,12,0,12123,0.1,0.1,0.8,40,0.034770228555182185,
13,13,0,13123,0.1,0.2,0.7,40,0.05628140013172474,
14,14,0,14123,0.1,0.3,0.6,40,0.06962266280591434,
15,15,0,15123,0.1,0.4,0.5,40,0.07187336692252859,
16,16,0,16123,0.1,0.5,0.4,40,0.14674666941974598,
17,17,0,17123,0.1,0.6,0.3,40,0.17935160296415298,
18,18,0,18123,0.1,0.7,0.2,40,0.13896756857179476,
19,19,0,19123,0.1,0.8,0.1,40,0.1801369044490708,
20,20,0,20123,0.1,0.9,0.0,40,0.15078542329095762,
21,21,0,21123,0.2,0.0,0.8,40,0.03084621784534773,
22,22,0,22123,0.2,0.1,0.7,40,0.04432892242137043,
23,23,0,23123,0.2,0.2,0.6,40,0.06561446135874746,
24,24,0,24123,0.2,0.3,0.5,40,0.09848689481629908,
25,25,0,25123,0.2,0.4,0.4,40,0.07889845996057696,
26,26,0,26123,0.2,0.5,0.3,40,0.11384093172673375,
27,27,0,27123,0.2,0.6,0.2,40,0.10621932860154776,
28,28,0,28123,0.19999999999999998,0.7,0.09999999999999999,40,0.16348880595317597,
29,29,0,29123,0.2,0.8,0.0,40,0.11347264936817081,
30,30,0,30123,0.3,0.0,0.7,40,0.11063095383115921,
31,31,0,31123,0.3,0.1,0.6,40,0.06720701431210666,
32,32,0,32123,0.3,0.2,0.5,40,0.08712624688458194,
33,33,0,33123,0.3,0.3,0.4,40,0.06126028994708587,
34,34,0,34123,0.3,0.4,0.3,40,0.10033196721217955,
35,35,0,35123,0.3,0.5,0.2,40,0.09788534822278525,
36,36,0,36123,0.3,0.6,0.09999999999999999,40,0.1228140806932535,
37,37,0,37123,0.3,0.7,0.0,40,0.11560669626437764,
38,38,0,38123,0.4,0.0,0.6,40,0.0967457715163858,
39,39,0,39123,0.4,0.1,0.5,40,0.09540718448288932,
40,40,0,40123,0.4,0.2,0.4,40,0.05465821238461793,
41,41,0,41123,0.4,0.3,0.3,40,0.062433296453272925,
42,42,0,42123,0.4,0.4,0.2,40,0.138004004903919,
43,43,0,43123,0.4,0.5,0.1,40,0.14702348417955055,
44,44,0,44123,0.4,0.6,0.0,40,0.12380789522544543,
45,45,0,45123,0.5,0.0,0.5,40,0.059268787947212666,
46,46,0,46123,0.5,0.1,0.4,40,0.08284932025293633,
47,47,0,47123,0.5,0.2,0.3,40,0.09035883734217344,
48,48,0,48123,0.5,0.3,0.2,40,0.1257345612884241,
49,49,0,49123,0.5,0.4,0.1,40,0.0654101643652566,
50,50,0,50123,0.5,0.5,0.0,40,0.10664069426443509,
51,51,0,51123,0.6,0.0,0.4,40,0.06301575401054452,
52,52,0,52123,0.6,0.1,0.3,40,0.0415115706067394,
53,53,0,53123,0.6,0.2,0.2,40,0.04463059396520515,
54,54,0,54123,0.6,0.3,0.09999999999999999,40,0.07542841229187557,
55,55,0,55123,0.6,0.4,0.0,40,0.07393145784641268,
56,56,0,56123,0.7,0.0,0.3,40,0.0675743681978941,
57,57,0,57123,0.7,0.1,0.2,40,0.06171547129036132,
58,58,0,58123,0.7,0.19999999999999998,0.09999999999999999,40,0.061397644989212144,
59,59,0,59123,0.7,0.3,0.0,40,0.03442043776501059,
60,60,0,60123,0.8,0.0,0.2,40,0.08390959424297116,
61,61,0,61123,0.8,0.1,0.1,40,0.06721148424112809,
62,62,0,62123,0.8,0.2,0.0,40,0.07975267049299715,
63,63,0,63123,0.9,0.0,0.1,40,0.028596305370313675,
64,64,0,64123,0.9,0.1,0.0,40,0.02709434174635346,
65,65,0,65123,1.0,0.0,0.0,40,0.009360477973016864,
