run_id,inference_mode,weight_index,head_id,sample_id,sampling_seed,weight_dem,weight_road,weight_demand,raw_x,raw_y,raw_theta,mu_raw_x,mu_raw_y,mu_raw_theta,sigma_raw_x,sigma_raw_y,sigma_raw_theta,x,y,theta,scalar,dem_soft,obstacle_soft,road_distance,demand_distance,dem_hard_var,dem_hard_range,obstacle_hard_count,obstacle_hard_ratio,is_feasible
12,center,3,0,-1,456,0.0,0.30000001192092896,0.699999988079071,-0.3810037672519684,0.5097343921661377,1.3856474161148071,-0.3810037672519684,0.5097343921661377,1.3856474161148071,1.3651427030563354,0.7369126677513123,0.6626601815223694,739.0655517578125,1112.146484375,1.8843052387237549,0.13045962154865265,11.318560600280762,0.0,76.11968231201172,682.2468872070312,11.31200885772705,16.03656005859375,0.0,0.0,True
16,center,4,0,-1,456,0.0,0.4000000059604645,0.6000000238418579,-0.38455450534820557,0.5234223008155823,1.4288461208343506,-0.38455450534820557,0.5234223008155823,1.4288461208343506,1.3921642303466797,0.7351590394973755,0.664283812046051,737.6065063476562,1117.6072998046875,1.9271881580352783,0.17215277254581451,8.766758918762207,0.0,75.33488464355469,683.2498779296875,8.759417533874512,13.547561645507812,0.0,0.0,True
18,center,4,2,-1,456,0.0,0.4000000059604645,0.6000000238418579,1.3287032842636108,-0.9400187730789185,0.5891323685646057,1.3287032842636108,-0.9400187730789185,0.5891323685646057,0.05082393437623978,0.1685161292552948,0.35201582312583923,1394.918701171875,526.0030517578125,0.8995387554168701,0.34441643953323364,2.8550679683685303,0.0,109.92630004882812,830.0161743164062,2.845618963241577,9.294052124023438,0.0,0.0,True
74,sample,1,1,2,456,0.0,0.10000000149011612,0.8999999761581421,0.15372303128242493,0.4439103901386261,-1.8324940204620361,0.2675524950027466,0.16937795281410217,-0.7467121481895447,0.11770008504390717,0.7130494117736816,1.5136618614196777,964.8826293945312,1085.632568359375,-2.27488112449646,0.030085626989603043,52.161659240722656,3.424643394086763e-31,52.6624641418457,649.7188110351562,52.21477127075195,30.655189514160156,0.0,0.0,True
83,sample,1,2,3,456,0.0,0.10000000149011612,0.8999999761581421,1.198484182357788,-0.9598852396011353,0.5290942788124084,1.1533950567245483,-0.7515217661857605,0.479530394077301,0.07278385013341904,0.2016257345676422,0.3855702579021454,1356.7835693359375,519.1923217773438,0.8122391700744629,0.4818345308303833,0.6305829286575317,0.0,144.39447021484375,817.3743286132812,0.6312820315361023,4.1072998046875,0.0,0.0,True
115,sample,2,2,3,456,0.0,0.20000000298023224,0.800000011920929,1.2057697772979736,-0.936187207698822,0.9724220037460327,1.2123217582702637,-0.8145883083343506,0.5160296559333801,0.06453367322683334,0.18989628553390503,0.37410739064216614,1358.990478515625,527.323486328125,1.417499303817749,0.42212143540382385,0.9431929588317871,0.0,144.36029052734375,814.849609375,0.9460371732711792,6.517608642578125,0.0,0.0,True
116,sample,2,2,4,456,0.0,0.20000000298023224,0.800000011920929,1.2221465110778809,-0.8883124589920044,1.071000576019287,1.2123217582702637,-0.8145883083343506,0.5160296559333801,0.06453367322683334,0.18989628553390503,0.37410739064216614,1363.91943359375,544.007080078125,1.5380432605743408,0.41030368208885193,4.165360927581787,0.0,145.45460510253906,810.0185546875,4.1737141609191895,10.281112670898438,0.0,0.0,True
117,sample,2,2,5,456,0.0,0.20000000298023224,0.800000011920929,1.1897729635238647,-0.9162282943725586,0.5878505706787109,1.2123217582702637,-0.8145883083343506,0.5160296559333801,0.06453367322683334,0.18989628553390503,0.37410739064216614,1354.1336669921875,534.2373657226562,0.8976900577545166,0.4105818271636963,1.6550507545471191,0.0,151.0828857421875,810.1322631835938,1.659535527229309,6.74676513671875,0.0,0.0,True
119,sample,2,2,7,456,0.0,0.20000000298023224,0.800000011920929,1.3231922388076782,-0.9886598587036133,0.5573797225952148,1.2123217582702637,-0.8145883083343506,0.5160296559333801,0.06453367322683334,0.18989628553390503,0.37410739064216614,1393.361083984375,509.43426513671875,0.8535456657409668,0.4743780195713043,3.167313814163208,0.0,106.55915832519531,836.2119750976562,3.163923978805542,8.12640380859375,0.0,0.0,True
247,sample,6,2,7,456,0.0,0.6000000238418579,0.4000000059604645,1.4752845764160156,-1.263374924659729,0.5581570267677307,1.4427626132965088,-1.0641425848007202,0.6621288061141968,0.04017394036054611,0.14972762763500214,0.3310547471046448,1434.5234375,422.8658447265625,0.8546767234802246,0.3065790832042694,9.321307182312012,5.68310521797781e-14,30.965988159179688,892.9449462890625,9.309405326843262,14.180740356445312,0.0,0.0,True
308,center,13,0,-1,456,0.10000000149011612,0.20000000298023224,0.699999988079071,-0.3804246187210083,0.5084485411643982,1.3713884353637695,-0.3804246187210083,0.5084485411643982,1.3713884353637695,1.350084900856018,0.7434244751930237,0.662150502204895,739.3037109375,1111.6324462890625,1.869903326034546,0.08695144206285477,11.607516288757324,0.0,76.10074615478516,682.1290893554688,11.617656707763672,16.387771606445312,0.0,0.0,True
312,center,14,0,-1,456,0.10000000149011612,0.30000001192092896,0.6000000238418579,-0.3839626610279083,0.5227729678153992,1.4153242111206055,-0.3839626610279083,0.5227729678153992,1.4153242111206055,1.377435564994812,0.7415892481803894,0.6635386347770691,737.8496704101562,1117.3486328125,1.9138858318328857,0.1289035528898239,8.821444511413574,0.0,75.21175384521484,683.1585693359375,8.815232276916504,13.762924194335938,0.0,0.0,True
316,center,15,0,-1,456,0.10000000149011612,0.4000000059604645,0.5,-0.38770535588264465,0.53668612241745,1.4587125778198242,-0.38770535588264465,0.53668612241745,1.4587125778198242,1.404881238937378,0.7397243976593018,0.6650549173355103,736.3125,1122.8807373046875,1.9561798572540283,0.1701791137456894,7.600840091705322,0.0,74.47120666503906,684.2181396484375,7.604824066162109,12.556838989257812,0.0,0.0,True
318,center,15,2,-1,456,0.10000000149011612,0.4000000059604645,0.5,1.3616210222244263,-0.9725856781005859,0.6087599992752075,1.3616210222244263,-0.9725856781005859,0.6087599992752075,0.04705328494310379,0.1619773507118225,0.342813640832901,1404.1187744140625,514.8696899414062,0.9277622699737549,0.3000403642654419,4.451096534729004,0.0,97.56023406982422,838.53662109375,4.456978797912598,9.747421264648438,0.0,0.0,True
340,sample,8,2,4,456,0.0,0.800000011920929,0.20000000298023224,1.5213655233383179,-1.2263083457946777,0.6974025964736938,1.5541263818740845,-1.1865293979644775,0.7347157001495361,0.03191499412059784,0.1332942098379135,0.31123417615890503,1446.251708984375,433.83489990234375,1.0531346797943115,0.15343338251113892,9.460906028747559,3.339980381156238e-08,26.01015853881836,893.1746826171875,9.446853637695312,14.759689331054688,0.0,0.0,True
399,sample,10,1,7,456,0.0,1.0,0.0,0.2542218565940857,0.5036078691482544,-3.5708842277526855,0.23602013289928436,0.22903820872306824,-0.9925357103347778,0.05535675957798958,0.8020493984222412,1.9331477880477905,1007.2607421875,1109.6961669921875,-2.9696767330169678,0.32838982343673706,24.77355194091797,1.2144267116844595e-25,57.481990814208984,653.7527465820312,24.774505615234375,25.63910675048828,0.0,0.0,True
432,sample,11,2,0,456,0.10000000149011612,0.0,0.8999999761581421,1.2025822401046753,-0.8737990856170654,0.3752968907356262,1.1248971223831177,-0.718160092830658,0.46056002378463745,0.0765746608376503,0.2063402384519577,0.38791680335998535,1358.0260009765625,549.131591796875,0.5826921463012695,0.44958803057670593,4.296209335327148,0.0,152.9204559326172,805.65673828125,4.307717800140381,10.974212646484375,0.0,0.0,True
463,sample,12,1,7,456,0.10000000149011612,0.10000000149011612,0.800000011920929,0.13867783546447754,0.43718811869621277,3.043865442276001,0.26897910237312317,0.17623749375343323,-0.7591597437858582,0.11132264137268066,0.7158277034759521,1.5413687229156494,958.505126953125,1082.90234375,2.855814218521118,0.03935413807630539,40.12775421142578,0.0,53.820621490478516,649.4373168945312,40.08123016357422,26.406494140625,0.0,0.0,True
469,sample,12,2,5,456,0.10000000149011612,0.10000000149011612,0.800000011920929,1.1695497035980225,-0.9309713244438171,0.2625353932380676,1.1848052740097046,-0.7820923328399658,0.49754393100738525,0.06773974001407623,0.19418679177761078,0.3762088716030121,1347.93408203125,529.12451171875,0.4100368022918701,0.4099259376525879,3.422107696533203,0.0,155.4764404296875,809.8641357421875,3.426628828048706,9.651809692382812,0.0,0.0,True
529,sample,14,2,1,456,0.10000000149011612,0.30000001192092896,0.6000000238418579,1.2823162078857422,-0.8867797255516052,0.2538384795188904,1.3032256364822388,-0.9093639254570007,0.5716820359230042,0.05308908596634865,0.17203174531459808,0.35365375876426697,1381.6524658203125,544.546875,0.39660120010375977,0.32053738832473755,3.547683000564575,0.0,129.62767028808594,817.0006103515625,3.540850877761841,11.66522216796875,0.0,0.0,True
530,sample,14,2,2,456,0.10000000149011612,0.30000001192092896,0.6000000238418579,1.2647087574005127,-0.9733611941337585,0.4479392468929291,1.3032256364822388,-0.9093639254570007,0.5716820359230042,0.05308908596634865,0.17203174531459808,0.35365375876426697,1376.524658203125,514.6065673828125,0.6920874118804932,0.3390536606311798,0.9296495914459229,0.0,124.1279067993164,827.0931396484375,0.930171549320221,4.735137939453125,0.0,0.0,True
559,sample,15,1,7,456,0.10000000149011612,0.4000000059604645,0.5,0.28076568245887756,-0.5621081590652466,-3.9175591468811035,0.2604462504386902,0.19782039523124695,-0.8424854278564453,0.08612752705812454,0.7474009394645691,1.6849629878997803,1018.3726196289062,666.0635375976562,-3.019059896469116,0.10476768016815186,11.3043794631958,3.845530045509804e-06,45.67856216430664,689.2318115234375,11.299056053161621,14.305648803710938,0.0,0.0,True
574,sample,15,3,6,456,0.10000000149011612,0.4000000059604645,0.5,2.4481585025787354,-1.3377591371536255,0.2765083611011505,0.17434459924697876,0.009563528001308441,0.2799609303474426,2.006899833679199,2.4148306846618652,0.1525394469499588,1616.1846923828125,401.53265380859375,0.4315919876098633,0.5518527626991272,4.1916985511779785,0.0,46.35565185546875,1003.2410278320312,4.193539619445801,10.056320190429688,0.0,0.0,True
600,center,22,0,-1,456,0.20000000298023224,0.10000000149011612,0.699999988079071,-0.3798266649246216,0.5064247846603394,1.3562111854553223,-0.3798266649246216,0.5064247846603394,1.3562111854553223,1.3346850872039795,0.7500143647193909,0.6618425250053406,739.5494995117188,1110.8233642578125,1.8544394969940186,0.08495058119297028,12.09422492980957,0.0,76.18968963623047,681.9761352539062,12.10471248626709,16.954925537109375,0.0,0.0,True
604,center,23,0,-1,456,0.20000000298023224,0.20000000298023224,0.6000000238418579,-0.38335171341896057,0.5213735103607178,1.400851845741272,-0.38335171341896057,0.5213735103607178,1.400851845741272,1.3623493909835815,0.7481008172035217,0.6629916429519653,738.1006469726562,1116.7911376953125,1.8995263576507568,0.08591995388269424,8.990703582763672,0.0,75.1979751586914,683.0296630859375,8.96300220489502,14.035797119140625,0.0,0.0,True
643,sample,17,0,3,456,0.10000000149011612,0.6000000238418579,0.30000001192092896,0.24134710431098938,-0.4929344058036804,2.465277671813965,-0.3957996666431427,0.5631365180015564,1.5435760021209717,1.4599987268447876,0.7359161972999573,0.6684393286705017,1001.8573608398438,693.5814208984375,2.6494405269622803,0.26305121183395386,11.972455978393555,0.0,76.74165344238281,680.2525024414062,11.99582290649414,14.961517333984375,0.0,0.0,True
717,sample,19,1,5,456,0.10000000149011612,0.800000011920929,0.10000000149011612,0.15973176062107086,0.3767186999320984,-2.9342758655548096,0.24560688436031342,0.2247624695301056,-0.9529337286949158,0.061312757432460785,0.7863714694976807,1.8741817474365234,967.427734375,1058.172119140625,-2.8243863582611084,0.3476111590862274,26.961254119873047,1.1033446191704436e-26,76.05816650390625,646.7512817382812,26.97174644470215,20.579483032226562,0.0,0.0,True
719,sample,19,1,7,456,0.10000000149011612,0.800000011920929,0.10000000149011612,0.16638770699501038,0.4174261689186096,-7.652815818786621,0.24560688436031342,0.2247624695301056,-0.9529337286949158,0.061312757432460785,0.7863714694976807,1.8741817474365234,970.2454833984375,1074.8536376953125,-3.1386115550994873,0.2951342463493347,34.169578552246094,0.0,64.57608795166016,648.4686279296875,34.24993896484375,21.951087951660156,0.0,0.0,True
726,sample,19,2,6,456,0.10000000149011612,0.800000011920929,0.10000000149011612,1.5998084545135498,-1.0893619060516357,0.7219454646110535,1.5885858535766602,-1.2213714122772217,0.7562002539634705,0.029385549947619438,0.12788522243499756,0.3024093508720398,1465.432861328125,476.29840087890625,1.0872128009796143,0.13477987051010132,14.473538398742676,2.1029654817539267e-06,29.444149017333984,883.2258911132812,14.465574264526367,17.097946166992188,0.0,0.0,True
846,sample,23,1,6,456,0.20000000298023224,0.20000000298023224,0.6000000238418579,0.1873933970928192,0.41199755668640137,0.5034814476966858,0.2677096426486969,0.19071587920188904,-0.8000430464744568,0.09644979238510132,0.7292817831039429,1.6182184219360352,979.1276245117188,1072.6368408203125,0.7745730876922607,0.09387554228305817,47.86046600341797,3.0252062952595605e-20,69.9828872680664,648.2923583984375,47.86076354980469,28.275001525878906,0.0,0.0,True
864,center,24,0,-1,456,0.20000000298023224,0.30000001192092896,0.5,-0.3870792090892792,0.5359246134757996,1.4449745416641235,-0.3870792090892792,0.5359246134757996,1.4449745416641235,1.3901216983795166,0.7461532950401306,0.6642704010009766,736.5696411132812,1122.578369140625,1.9429104328155518,0.12743043899536133,7.618106842041016,0.0,74.35223388671875,684.1163330078125,7.618731498718262,12.564010620117188,0.0,0.0,True
866,center,24,2,-1,456,0.20000000298023224,0.30000001192092896,0.5,1.3361799716949463,-0.9418843388557434,0.5911518931388855,1.3361799716949463,-0.9418843388557434,0.5911518931388855,0.04916286841034889,0.16537688672542572,0.34443846344947815,1397.0238037109375,525.3609619140625,0.9024498462677002,0.2887848913669586,3.243596076965332,0.0,107.73196411132812,831.1746826171875,3.240415334701538,9.845474243164062,0.0,0.0,True
868,center,25,0,-1,456,0.20000000298023224,0.4000000059604645,0.4000000059604645,-0.39100974798202515,0.5500383377075195,1.4885083436965942,-0.39100974798202515,0.5500383377075195,1.4885083436965942,1.417985439300537,0.7441749572753906,0.6656712293624878,734.9563598632812,1128.1707763671875,1.9845707416534424,0.16832135617733002,7.077518939971924,0.0,73.65824127197266,685.23193359375,7.0838727951049805,11.942108154296875,0.0,0.0,True
888,center,30,0,-1,456,0.30000001192092896,0.0,0.699999988079071,-0.37921443581581116,0.5036751627922058,1.340149164199829,-0.37921443581581116,0.5036751627922058,1.340149164199829,1.318961501121521,0.7566788196563721,0.6617396473884583,739.80126953125,1109.72314453125,1.8379228115081787,0.08455095440149307,12.832427024841309,0.0,76.38667297363281,681.7894287109375,12.835514068603516,17.59466552734375,0.0,0.0,True
892,center,31,0,-1,456,0.30000001192092896,0.10000000149011612,0.6000000238418579,-0.3827265799045563,0.5192325711250305,1.385459542274475,-0.3827265799045563,0.5192325711250305,1.385459542274475,1.3469228744506836,0.754690408706665,0.6626472473144531,738.3575439453125,1115.937744140625,1.8841159343719482,0.07444486021995544,9.284473419189453,0.0,75.29402160644531,682.8646240234375,9.300567626953125,14.47100830078125,0.0,0.0,True
918,sample,24,2,6,456,0.20000000298023224,0.30000001192092896,0.5,1.3360613584518433,-0.9767895340919495,0.5046930313110352,1.3361799716949463,-0.9418843388557434,0.5911518931388855,0.04916286841034889,0.16537688672542572,0.34443846344947815,1396.9906005859375,513.4443969726562,0.776360273361206,0.29627060890197754,3.2843449115753174,0.0,104.00608825683594,836.0709228515625,3.271099805831909,9.2398681640625,0.0,0.0,True
945,sample,25,2,1,456,0.20000000298023224,0.4000000059604645,0.4000000059604645,1.384314775466919,-0.9954668879508972,0.6465458273887634,1.3950062990188599,-1.0057185888290405,0.628732442855835,0.04350605979561806,0.15562428534030914,0.33367806673049927,1410.3577880859375,507.14453125,0.9816324710845947,0.24729160964488983,6.412113666534424,0.0,89.48727416992188,844.4718017578125,6.40563440322876,10.897109985351562,0.0,0.0,True
949,sample,25,2,5,456,0.20000000298023224,0.4000000059604645,0.4000000059604645,1.430078148841858,-1.266451120376587,0.3971298336982727,1.3950062990188599,-1.0057185888290405,0.628732442855835,0.04350605979561806,0.15562428534030914,0.33367806673049927,1422.6832275390625,421.96563720703125,0.615739107131958,0.30063337087631226,11.518631935119629,1.0817588212458547e-14,42.36723709106445,888.083740234375,11.514725685119629,13.767745971679688,0.0,0.0,True
989,sample,26,3,5,456,0.20000000298023224,0.5,0.30000001192092896,4.105430603027344,-1.2100073099136353,0.386579304933548,0.1831151694059372,0.006515525281429291,0.29155033826828003,2.112710475921631,2.548269033432007,0.13753212988376617,1724.1878662109375,438.72998046875,0.5997865200042725,0.38254475593566895,0.7473908066749573,0.0,108.79641723632812,1059.3095703125,0.7480936646461487,4.285369873046875,0.0,0.0,True
1042,sample,28,2,2,456,0.20000000298023224,0.699999988079071,0.10000000149011612,1.5718293190002441,-1.0961925983428955,0.6680310964584351,1.567400336265564,-1.1946864128112793,0.740890383720398,0.030378229916095734,0.13006098568439484,0.3032374978065491,1458.7039794921875,474.10882568359375,1.0119836330413818,0.14249402284622192,15.523611068725586,8.689207021278251e-15,35.63204574584961,880.8974609375,15.539589881896973,16.607879638671875,0.0,0.0,True
1077,sample,29,2,5,456,0.20000000298023224,0.800000011920929,0.0,1.6154483556747437,-1.0392810106277466,0.510032057762146,1.6233625411987305,-1.2566413879394531,0.7779414653778076,0.02703235112130642,0.12266262620687485,0.2937026023864746,1469.1402587890625,492.578369140625,0.7842297554016113,0.13221654295921326,23.16267204284668,1.609553557102572e-08,28.92894744873047,878.0657958984375,22.90205955505371,22.040634155273438,0.0,0.0,True
1105,sample,30,2,1,456,0.30000001192092896,0.0,0.699999988079071,1.2417423725128174,-0.8936843872070312,0.2584993541240692,1.1883962154388428,-0.7798835039138794,0.4966670870780945,0.06626205146312714,0.19134733080863953,0.3691770136356354,1369.759765625,542.1181030273438,0.40380358695983887,0.36562642455101013,2.093031883239746,0.0,139.34666442871094,813.1070556640625,2.0910282135009766,9.17352294921875,0.0,0.0,True
1111,sample,30,2,7,456,0.30000001192092896,0.0,0.699999988079071,1.17472243309021,-0.9467284679412842,0.600386381149292,1.1883962154388428,-0.7798835039138794,0.4966670870780945,0.06626205146312714,0.19134733080863953,0.3691770136356354,1349.5262451171875,523.6961059570312,0.9157407283782959,0.36479634046554565,1.1850916147232056,0.0,152.51651000976562,812.71923828125,1.1848435401916504,5.365478515625,0.0,0.0,True
1141,sample,31,2,5,456,0.30000001192092896,0.10000000149011612,0.6000000238418579,1.2325111627578735,-0.9502707719802856,0.33329522609710693,1.2493352890014648,-0.8451594710350037,0.5347433090209961,0.0584026575088501,0.17982175946235657,0.35756856203079224,1367.016357421875,522.4808959960938,0.5187454223632812,0.3260476291179657,0.6129933595657349,0.0,135.3047332763672,820.0040283203125,0.6128107905387878,5.0784759521484375,0.0,0.0,True
1143,sample,31,2,7,456,0.30000001192092896,0.10000000149011612,0.6000000238418579,1.2311350107192993,-0.9031767845153809,0.8696933388710022,1.2493352890014648,-0.8451594710350037,0.5347433090209961,0.0584026575088501,0.17982175946235657,0.35756856203079224,1366.606201171875,538.7907104492188,1.2860543727874756,0.3135237693786621,1.9201151132583618,0.0,140.95997619628906,813.177734375,1.9226179122924805,8.0357666015625,0.0,0.0,True
1152,center,32,0,-1,456,0.30000001192092896,0.20000000298023224,0.5,-0.3864382207393646,0.534408688545227,1.4302834272384644,-0.3864382207393646,0.534408688545227,1.4302834272384644,1.3750054836273193,0.7526635527610779,0.6636852622032166,736.8328247070312,1121.9765625,1.9285953044891357,0.08494468778371811,7.680701732635498,0.0,74.34441375732422,683.9758911132812,7.678016662597656,12.654891967773438,0.0,0.0,True
1154,center,32,2,-1,456,0.30000001192092896,0.20000000298023224,0.5,1.3097596168518066,-0.9102127552032471,0.5728583335876465,1.3097596168518066,-0.9102127552032471,0.5728583335876465,0.05150863900780678,0.16901865601539612,0.34627118706703186,1389.5435791015625,536.3328857421875,0.8760168552398682,0.27715548872947693,3.595332145690918,0.0,118.93775177001953,823.5681762695312,3.592430830001831,9.90594482421875,0.0,0.0,True
1156,center,33,0,-1,456,0.30000001192092896,0.30000001192092896,0.4000000059604645,-0.39035117626190186,0.5491611361503601,1.4745479822158813,-0.39035117626190186,0.5491611361503601,1.4745479822158813,1.4031925201416016,0.7506016492843628,0.6648467183113098,735.2266845703125,1127.82373046875,1.97133469581604,0.12604612112045288,7.0889787673950195,0.0,73.54451751708984,685.119140625,7.0945963859558105,11.901962280273438,0.0,0.0,True
1158,center,33,2,-1,456,0.30000001192092896,0.30000001192092896,0.4000000059604645,1.3696091175079346,-0.9749784469604492,0.6109692454338074,1.3696091175079346,-0.9749784469604492,0.6109692454338074,0.045467618852853775,0.1589086651802063,0.33528807759284973,1406.3243408203125,514.05810546875,0.9309284687042236,0.24161379039287567,4.962375164031982,0.0,95.21339416503906,839.8296508789062,4.969360828399658,10.132537841796875,0.0,0.0,True
1160,center,34,0,-1,456,0.30000001192092896,0.4000000059604645,0.30000001192092896,-0.3944653570652008,0.5634520649909973,1.5181828737258911,-0.3944653570652008,0.5634520649909973,1.5181828737258911,1.4314674139022827,0.7485083341598511,0.6661251187324524,733.5390625,1133.4661865234375,2.0123207569122314,0.16660237312316895,6.775059223175049,0.0,72.906005859375,686.2902221679688,6.786159992218018,11.30029296875,0.0,0.0,True
1170,center,36,2,-1,456,0.30000001192092896,0.6000000238418579,0.10000000149011612,1.5451656579971313,-1.1669152975082397,0.7248362302780151,1.5451656579971313,-1.1669152975082397,0.7248362302780151,0.031497009098529816,0.13241879642009735,0.3042408227920532,1452.1754150390625,451.87835693359375,1.09120774269104,0.11223326623439789,12.6850004196167,3.976159001660082e-14,32.74254608154297,887.6656494140625,12.677521705627441,14.956619262695312,0.0,0.0,True
1176,center,38,0,-1,456,0.4000000059604645,0.0,0.6000000238418579,-0.38209211826324463,0.5163645148277283,1.36918306350708,-0.38209211826324463,0.5163645148277283,1.36918306350708,1.3311741352081299,0.7613548040390015,0.6625086665153503,738.6182250976562,1114.7938232421875,1.8676650524139404,0.07407891005277634,9.75093936920166,0.0,75.49980163574219,682.6651611328125,9.73718547821045,15.007843017578125,0.0,0.0,True
1180,center,39,0,-1,456,0.4000000059604645,0.10000000149011612,0.5,-0.3857877552509308,0.5321493744850159,1.414671540260315,-0.3857877552509308,0.5321493744850159,1.414671540260315,1.35955011844635,0.7592520713806152,0.663303554058075,737.0999755859375,1121.0789794921875,1.913240671157837,0.06346490979194641,7.798281192779541,0.0,74.4482421875,683.79833984375,7.7908549308776855,12.705718994140625,0.0,0.0,True
1204,sample,32,2,4,456,0.30000001192092896,0.20000000298023224,0.5,1.304131269454956,-0.9078657031059265,0.8610637187957764,1.3097596168518066,-0.9102127552032471,0.5728583335876465,0.05150863900780678,0.16901865601539612,0.34627118706703186,1387.9354248046875,537.1519165039062,1.2747504711151123,0.27562037110328674,3.159327268600464,0.0,120.74140930175781,822.5640869140625,3.141707420349121,9.038421630859375,0.0,0.0,True
1206,sample,32,2,6,456,0.30000001192092896,0.20000000298023224,0.5,1.292040228843689,-0.9457564353942871,0.9386261701583862,1.3097596168518066,-0.9102127552032471,0.5728583335876465,0.05150863900780678,0.16901865601539612,0.34627118706703186,1384.4627685546875,524.0299072265625,1.3749001026153564,0.28153979778289795,1.650550365447998,0.0,119.08216857910156,826.4358520507812,1.6568920612335205,7.1973419189453125,0.0,0.0,True
1224,sample,33,1,0,456,0.30000001192092896,0.30000001192092896,0.4000000059604645,0.14328327775001526,-0.40767771005630493,-2.9574975967407227,0.26600372791290283,0.20555923879146576,-0.8418698310852051,0.08328884840011597,0.7424281239509583,1.6969566345214844,960.4581298828125,728.1289672851562,-2.831307888031006,0.09656312316656113,18.63797950744629,0.0,56.34198760986328,670.9129638671875,18.613628387451172,19.182266235351562,0.0,0.0,True
1227,sample,33,1,3,456,0.30000001192092896,0.30000001192092896,0.4000000059604645,0.2131747007369995,0.5260044932365417,-1.5569028854370117,0.26600372791290283,0.20555923879146576,-0.8418698310852051,0.08328884840011597,0.7424281239509583,1.6969566345214844,990.005126953125,1118.6353759765625,-2.047743558883667,0.0970548763871193,32.987586975097656,1.2644344740667648e-22,38.52166748046875,654.477294921875,32.937435150146484,25.864479064941406,0.0,0.0,True
1233,sample,33,2,1,456,0.30000001192092896,0.30000001192092896,0.4000000059604645,1.366964340209961,-0.9061428308486938,1.0822670459747314,1.3696091175079346,-0.9749784469604492,0.6109692454338074,0.045467618852853775,0.1589086651802063,0.33528807759284973,1405.5953369140625,537.753662109375,1.5514614582061768,0.22945871949195862,6.341177940368652,0.0,105.30403900146484,829.8917236328125,6.287506580352783,14.449783325195312,0.0,0.0,True
1245,sample,33,3,5,456,0.30000001192092896,0.30000001192092896,0.4000000059604645,-3.409837245941162,-2.8907971382141113,0.16923752427101135,0.16300612688064575,0.009363077580928802,0.2754526734352112,2.0296425819396973,2.4366118907928467,0.15052571892738342,101.70101928710938,136.85272216796875,0.26520490646362305,0.7842946648597717,3.9379734992980957,0.0,69.34921264648438,1283.522705078125,3.9427311420440674,9.181060791015625,0.0,0.0,True
1301,sample,35,2,5,456,0.30000001192092896,0.5,0.20000000298023224,1.5224827527999878,-1.1359367370605469,0.5831483602523804,1.487361192703247,-1.103391408920288,0.6870026588439941,0.03554827347397804,0.1406417042016983,0.31427237391471863,1446.5318603515625,461.51678466796875,0.8909022808074951,0.14577342569828033,15.960301399230957,4.146350256966455e-21,43.189781188964844,880.6546630859375,15.954237937927246,14.814529418945312,0.0,0.0,True
1335,sample,36,2,7,456,0.30000001192092896,0.6000000238418579,0.10000000149011612,1.549898624420166,-1.1417471170425415,0.69838947057724,1.5451656579971313,-1.1669152975082397,0.7248362302780151,0.031497009098529816,0.13241879642009735,0.3042408227920532,1453.342529296875,459.697265625,1.0545108318328857,0.12596581876277924,14.13344669342041,1.3306867272574324e-13,36.74883270263672,884.69775390625,14.131596565246582,14.861907958984375,0.0,0.0,True
1388,sample,38,1,4,456,0.4000000059604645,0.0,0.6000000238418579,0.16981622576713562,0.42529165744781494,0.9899426102638245,0.2755027413368225,0.18983358144760132,-0.7703529000282288,0.10229205340147018,0.713248610496521,1.5773510932922363,971.6962890625,1078.06103515625,1.4393303394317627,0.29635241627693176,75.54451751708984,6.678832584140449e-31,62.06166076660156,648.83349609375,75.58444213867188,32.98188781738281,0.0,0.0,True
1400,sample,38,3,0,456,0.4000000059604645,0.0,0.6000000238418579,3.549437999725342,-1.2100385427474976,0.06790803372859955,0.13357973098754883,0.012817129492759705,0.24991309642791748,1.8802947998046875,2.2351646423339844,0.17711517214775085,1704.20556640625,438.72052001953125,0.10662841796875,0.7389280200004578,2.328800916671753,0.0,101.1404800415039,1045.0499267578125,2.332951307296753,7.4116973876953125,0.0,0.0,True
1425,sample,39,2,1,456,0.4000000059604645,0.10000000149011612,0.5,1.2483378648757935,-0.9303911924362183,-0.11575013399124146,1.2823987007141113,-0.8776217699050903,0.5539042949676514,0.05411037057638168,0.17291000485420227,0.3483146131038666,1371.71142578125,529.3250732421875,-0.18161702156066895,0.2702651917934418,1.067189335823059,0.0,132.86001586914062,819.0614013671875,1.0663455724716187,5.5184783935546875,0.0,0.0,True
1440,center,40,0,-1,456,0.4000000059604645,0.20000000298023224,0.4000000059604645,-0.3896821439266205,0.5475268363952637,1.4596326351165771,-0.3896821439266205,0.5475268363952637,1.4596326351165771,1.388043999671936,0.7571098804473877,0.6642227172851562,735.5011596679688,1127.1771240234375,1.9570643901824951,0.08402993530035019,7.116001129150391,0.0,73.54380798339844,684.966796875,7.117204666137695,12.028915405273438,0.0,0.0,True
1442,center,40,2,-1,456,0.4000000059604645,0.20000000298023224,0.4000000059604645,1.343245029449463,-0.943279504776001,0.5925232172012329,1.343245029449463,-0.943279504776001,0.5925232172012329,0.0476483590900898,0.16242720186710358,0.3371017873287201,1399.0047607421875,524.881103515625,0.9044263362884521,0.2323041409254074,3.6543338298797607,0.0,105.71292877197266,832.2181396484375,3.6508378982543945,10.397003173828125,0.0,0.0,True
1444,center,41,0,-1,456,0.4000000059604645,0.30000001192092896,0.30000001192092896,-0.3937763571739197,0.562456488609314,1.5039942264556885,-0.3937763571739197,0.562456488609314,1.5039942264556885,1.4166383743286133,0.7549322843551636,0.6652601361274719,733.8216552734375,1133.07373046875,1.9991176128387451,0.1247597262263298,6.782845497131348,0.0,72.7939453125,686.166259765625,6.789584636688232,11.246734619140625,0.0,0.0,True
1460,center,45,0,-1,456,0.5,0.0,0.5,-0.3851330280303955,0.5291630625724792,1.3981776237487793,-0.3851330280303955,0.5291630625724792,1.3981776237487793,1.343774437904358,0.7659157514572144,0.6631283164024353,737.3688354492188,1119.8919677734375,1.896859884262085,0.06313998997211456,8.00632095336914,0.0,74.66331481933594,683.5858154296875,8.000922203063965,12.887847900390625,0.0,0.0,True
1464,center,46,0,-1,456,0.5,0.10000000149011612,0.4000000059604645,-0.38900822401046753,0.5451486706733704,1.4437974691390991,-0.38900822401046753,0.5451486706733704,1.4437974691390991,1.3725579977035522,0.7636967301368713,0.663802981376648,735.7777099609375,1126.2357177734375,1.9417684078216553,0.05196845531463623,7.168321132659912,0.0,73.65605163574219,684.776611328125,7.16376256942749,11.869964599609375,0.0,0.0,True
1466,center,46,2,-1,456,0.5,0.10000000149011612,0.4000000059604645,1.315953254699707,-0.9106737971305847,0.5734209418296814,1.315953254699707,-0.9106737971305847,0.5734209418296814,0.050066523253917694,0.16618658602237701,0.33912158012390137,1391.3074951171875,536.172119140625,0.8768322467803955,0.22271369397640228,3.9812779426574707,0.0,117.27295684814453,824.3770141601562,3.9791388511657715,10.03839111328125,0.0,0.0,True
1468,center,47,0,-1,456,0.5,0.20000000298023224,0.30000001192092896,-0.39308109879493713,0.5607028603553772,1.4888503551483154,-0.39308109879493713,0.5607028603553772,1.4888503551483154,1.401455283164978,0.7614380121231079,0.664596676826477,734.106689453125,1132.3824462890625,1.984893560409546,0.0831792876124382,6.800256729125977,0.0,72.79931640625,686.0016479492188,6.796773910522461,11.2586669921875,0.0,0.0,True
1470,center,47,2,-1,456,0.5,0.20000000298023224,0.30000001192092896,1.377180814743042,-0.9769021272659302,0.6125234961509705,1.377180814743042,-0.9769021272659302,0.6125234961509705,0.044023297727108,0.15602748095989227,0.3280077278614044,1408.4056396484375,513.40625,0.9331552982330322,0.1822904348373413,5.4651103019714355,0.0,93.03242492675781,841.007080078125,5.457092761993408,10.672027587890625,0.0,0.0,True
1484,sample,40,1,4,456,0.4000000059604645,0.20000000298023224,0.4000000059604645,0.43926873803138733,0.31570130586624146,-3.8911187648773193,0.27019786834716797,0.20551623404026031,-0.8273805975914001,0.08564811944961548,0.7346612811088562,1.6775093078613281,1083.747802734375,1032.9344482421875,-3.0158426761627197,0.14093920588493347,13.665430068969727,5.370070269184894e-22,123.35135650634766,651.7772827148438,13.667463302612305,14.765777587890625,0.0,0.0,True
1494,sample,40,2,6,456,0.4000000059604645,0.20000000298023224,0.4000000059604645,1.3574628829956055,-0.9697127342224121,0.4894534647464752,1.343245029449463,-0.943279504776001,0.5925232172012329,0.0476483590900898,0.16242720186710358,0.3371017873287201,1402.96630859375,515.8453979492188,0.7538418769836426,0.2389288693666458,4.441685199737549,0.0,98.95144653320312,837.6344604492188,4.448636531829834,10.590225219726562,0.0,0.0,True
1508,sample,41,0,4,456,0.4000000059604645,0.30000001192092896,0.30000001192092896,-0.3674411475658417,0.6015644073486328,1.3864154815673828,-0.3937763571739197,0.562456488609314,1.5039942264556885,1.4166383743286133,0.7549322843551636,0.6652601361274719,744.6477661132812,1148.404541015625,1.8850772380828857,0.0981094166636467,7.298888206481934,0.0,57.244205474853516,685.6940307617188,7.296583652496338,11.719268798828125,0.0,0.0,True
1551,sample,42,1,7,456,0.4000000059604645,0.4000000059604645,0.20000000298023224,0.22015056014060974,-0.44756585359573364,1.7709554433822632,0.26382529735565186,0.22077906131744385,-0.8843711614608765,0.07172664254903793,0.7552030682563782,1.7773010730743408,992.943359375,711.884521484375,2.227869749069214,0.19841662049293518,9.468254089355469,6.296777476711959e-34,86.82807159423828,674.8827514648438,9.472639083862305,13.298164367675781,0.0,0.0,True
1585,sample,43,2,1,456,0.4000000059604645,0.5,0.10000000149011612,1.5340687036514282,-1.145241379737854,0.5415096282958984,1.521904468536377,-1.1380897760391235,0.7080481052398682,0.0327523797750473,0.1349661946296692,0.305424302816391,1449.4248046875,458.60552978515625,0.8304078578948975,0.11176083981990814,14.336617469787598,4.482328677113401e-07,39.10997772216797,883.3245849609375,14.346944808959961,14.185745239257812,0.0,0.0,True
1647,sample,45,1,7,456,0.5,0.0,0.5,0.2501240670681,-0.47242045402526855,-0.2837923765182495,0.27680540084838867,0.1971530169248581,-0.7840242385864258,0.09646772593259811,0.7159842848777771,1.606239914894104,1005.5418701171875,701.8336181640625,-0.4428119659423828,0.05449826270341873,10.84646987915039,0.0,79.89360046386719,677.9334716796875,10.830320358276367,14.689598083496094,0.0,0.0,True
1652,sample,45,2,4,456,0.5,0.0,0.5,1.1694236993789673,-0.8902814388275146,0.7264671325683594,1.2541388273239136,-0.8441673517227173,0.5343196988105774,0.05698923021554947,0.17705722153186798,0.35057055950164795,1347.895263671875,543.314208984375,1.0934598445892334,0.24733570218086243,4.108748435974121,0.0,160.02842712402344,804.0637817382812,4.105677127838135,10.206954956054688,0.0,0.0,True
1681,sample,46,2,1,456,0.5,0.10000000149011612,0.4000000059604645,1.2255961894989014,-0.9778606295585632,0.40652766823768616,1.315953254699707,-0.9106737971305847,0.5734209418296814,0.050066523253917694,0.16618658602237701,0.33912158012390137,1364.9521484375,513.0816040039062,0.6299207210540771,0.2211768925189972,0.5999364852905273,0.0,135.1019287109375,823.1205444335938,0.6013031005859375,3.6645660400390625,0.0,0.0,True
1683,sample,46,2,3,456,0.5,0.10000000149011612,0.4000000059604645,1.2858188152313232,-0.9393475651741028,1.0530822277069092,1.315953254699707,-0.9106737971305847,0.5734209418296814,0.050066523253917694,0.16618658602237701,0.33912158012390137,1382.66650390625,526.2341918945312,1.516549825668335,0.22321832180023193,1.4841219186782837,0.0,121.49748229980469,824.7896118164062,1.4944013357162476,6.8268585205078125,0.0,0.0,True
1686,sample,46,2,6,456,0.5,0.10000000149011612,0.4000000059604645,1.3044052124023438,-0.9664708375930786,0.4201706051826477,1.315953254699707,-0.9106737971305847,0.5734209418296814,0.050066523253917694,0.16618658602237701,0.33912158012390137,1388.013671875,516.9478149414062,0.650460958480835,0.23061268031597137,1.7904473543167114,0.0,113.59361267089844,830.835205078125,1.7912981510162354,7.319580078125,0.0,0.0,True
1718,sample,47,2,6,456,0.5,0.20000000298023224,0.30000001192092896,1.3515914678573608,-0.9737464189529419,0.5991750955581665,1.377180814743042,-0.9769021272659302,0.6125234961509705,0.044023297727108,0.15602748095989227,0.3280077278614044,1401.3343505859375,514.475830078125,0.9139997959136963,0.1790725290775299,3.914903402328491,0.0,100.11087799072266,837.4991455078125,3.9076144695281982,9.0703125,0.0,0.0,True
1719,sample,47,2,7,456,0.5,0.20000000298023224,0.30000001192092896,1.375596284866333,-0.983115553855896,0.6757627725601196,1.377180814743042,-0.9769021272659302,0.6125234961509705,0.044023297727108,0.15602748095989227,0.3280077278614044,1407.9708251953125,511.3045654296875,1.0228545665740967,0.18291762471199036,5.4330549240112305,0.0,92.85391998291016,841.6907958984375,5.433412075042725,10.207382202148438,0.0,0.0,True
1725,sample,47,3,5,456,0.5,0.20000000298023224,0.30000001192092896,0.28943532705307007,-0.6059672832489014,0.5147139430046082,0.15188881754875183,0.009326115250587463,0.2709270119667053,2.051783800125122,2.456718683242798,0.1486159712076187,1021.9932250976562,648.8803100585938,0.7911214828491211,0.078606016933918,16.030248641967773,3.1149030870881042e-21,31.05695915222168,695.0299072265625,15.947637557983398,16.493637084960938,0.0,0.0,True
1728,center,48,0,-1,456,0.5,0.30000001192092896,0.20000000298023224,-0.39735209941864014,0.5757870078086853,1.5332642793655396,-0.39735209941864014,0.5757870078086853,1.5332642793655396,1.4304490089416504,0.7591444253921509,0.6655044555664062,732.3558349609375,1138.3184814453125,2.0262229442596436,0.12388914823532104,6.5959367752075195,0.0,72.2859878540039,687.2564697265625,6.57485294342041,11.369033813476562,0.0,0.0,True
1738,center,50,2,-1,456,0.5,0.5,0.0,1.556780457496643,-1.1732323169708252,0.7293610572814941,1.556780457496643,-1.1732323169708252,0.7293610572814941,0.030149079859256744,0.12948277592658997,0.29669058322906494,1455.0330810546875,449.93206787109375,1.0974528789520264,0.10647623240947723,10.869660377502441,0.00022791681112721562,29.296611785888672,889.9130859375,10.885554313659668,13.950271606445312,0.0,0.0,True
1740,center,51,0,-1,456,0.6000000238418579,0.0,0.4000000059604645,-0.38833484053611755,0.5420450568199158,1.4270825386047363,-0.38833484053611755,0.5420450568199158,1.4270825386047363,1.3567529916763306,0.7703591585159302,0.6635901927947998,736.0541381835938,1125.006103515625,1.9254591464996338,0.051691945642232895,7.251274108886719,0.0,73.88072204589844,684.550537109375,7.247467041015625,12.04803466796875,0.0,0.0,True
1744,center,52,0,-1,456,0.6000000238418579,0.10000000149011612,0.30000001192092896,-0.3923855125904083,0.5582062602043152,1.4727874994277954,-0.3923855125904083,0.5582062602043152,1.4727874994277954,1.3859354257583618,0.768022894859314,0.6641383171081543,734.3920288085938,1131.3975830078125,1.9696571826934814,0.04165874421596527,6.838294506072998,0.0,72.92027282714844,685.79833984375,6.834712028503418,11.353790283203125,0.0,0.0,True
1746,center,52,2,-1,456,0.6000000238418579,0.10000000149011612,0.30000001192092896,1.349966287612915,-0.9442894458770752,0.5932779908180237,1.349966287612915,-0.9442894458770752,0.5932779908180237,0.04626725986599922,0.15965601801872253,0.3300018310546875,1400.8817138671875,524.533935546875,0.9055135250091553,0.17509807646274567,4.086549758911133,0.0,103.8404312133789,833.16650390625,4.084388732910156,10.775604248046875,0.0,0.0,True
1748,center,53,0,-1,456,0.6000000238418579,0.20000000298023224,0.20000000298023224,-0.39663249254226685,0.5739136338233948,1.517886996269226,-0.39663249254226685,0.5739136338233948,1.517886996269226,1.4152277708053589,0.7656476497650146,0.6648011207580566,732.6506958007812,1137.5826416015625,2.0120465755462646,0.08257099241018295,6.597862243652344,0.0,72.26692962646484,687.079345703125,6.599320411682129,11.30792236328125,0.0,0.0,True
1781,sample,48,2,5,456,0.5,0.30000001192092896,0.20000000298023224,1.3790841102600098,-0.9508925080299377,0.5999537110328674,1.4377630949020386,-1.0427827835083008,0.6515798568725586,0.03875180333852768,0.1465468555688858,0.31723102927207947,1408.92724609375,522.267822265625,0.9151194095611572,0.16373039782047272,6.127460479736328,0.0,95.53228759765625,837.588134765625,6.12678337097168,12.618118286132812,0.0,0.0,True
1814,sample,49,2,6,456,0.5,0.4000000059604645,0.10000000149011612,1.527963399887085,-1.166172981262207,0.5217078924179077,1.4976458549499512,-1.108247995376587,0.6905417442321777,0.03415568917989731,0.13771037757396698,0.3067921996116638,1447.903076171875,452.1075439453125,0.8014016151428223,0.08274545520544052,12.781928062438965,1.425986995151618e-09,36.20975112915039,885.5389404296875,12.81566047668457,13.527328491210938,0.0,0.0,True
1824,sample,50,0,0,456,0.5,0.5,0.0,2.0662946701049805,-0.6009941101074219,2.6097187995910645,-0.4064804017543793,0.6044173240661621,1.6199077367782593,1.4886581897735596,0.7544726729393005,0.6676450967788696,1560.19873046875,650.81787109375,2.711097002029419,0.14272312819957733,6.013197422027588,1.1197173470079954e-39,49.965065002441406,871.3447265625,6.008799076080322,12.01910400390625,0.0,0.0,True
1845,sample,50,2,5,456,0.5,0.5,0.0,1.5173530578613281,-1.235030174255371,0.5611361861228943,1.556780457496643,-1.1732323169708252,0.7293610572814941,0.030149079859256744,0.12948277592658997,0.29669058322906494,1445.244140625,431.233642578125,0.8590080738067627,0.07514301687479019,7.628555774688721,3.277464202255942e-05,25.15896987915039,893.92138671875,7.6261420249938965,12.294631958007812,0.0,0.0,True
1879,sample,51,2,7,456,0.6000000238418579,0.0,0.4000000059604645,1.2444275617599487,-0.9243267774581909,0.4282217025756836,1.2877756357192993,-0.8772182464599609,0.5536937117576599,0.05274162068963051,0.1701926589012146,0.3413488566875458,1370.55517578125,531.4248046875,0.662555456161499,0.21459601819515228,0.7930284142494202,0.0,134.64710998535156,817.7400512695312,0.7940834760665894,6.4102783203125,0.0,0.0,True
1911,sample,52,2,7,456,0.6000000238418579,0.10000000149011612,0.30000001192092896,1.315258502960205,-0.9045279026031494,0.3571699857711792,1.349966287612915,-0.9442894458770752,0.5932779908180237,0.04626725986599922,0.15965601801872253,0.3300018310546875,1391.1099853515625,538.318115234375,0.5551519393920898,0.1661718487739563,4.368325233459473,0.0,118.38374328613281,823.435791015625,4.357152462005615,11.103668212890625,0.0,0.0,True
1943,sample,53,2,7,456,0.6000000238418579,0.20000000298023224,0.20000000298023224,1.3672899007797241,-0.9397637844085693,0.9610766172409058,1.411534070968628,-1.0110517740249634,0.6328428387641907,0.04062800481915474,0.14982260763645172,0.31900104880332947,1405.6851806640625,526.0908203125,1.4032695293426514,0.11761756986379623,4.4907097816467285,0.0,100.00904083251953,834.614501953125,4.486120223999023,11.766769409179688,0.0,0.0,True
1999,sample,55,1,7,456,0.6000000238418579,0.4000000059604645,0.0,0.21894916892051697,0.3662397265434265,-0.37786561250686646,0.26577523350715637,0.236924946308136,-0.913459300994873,0.06325254589319229,0.7601490616798401,1.8406442403793335,992.4375,1053.8570556640625,-0.5865867137908936,0.21191413700580597,34.307918548583984,2.797402587351172e-11,92.73465728759766,646.6781616210938,34.327701568603516,26.07549285888672,0.0,0.0,True
2016,center,56,0,-1,456,0.699999988079071,0.0,0.30000001192092896,-0.39169514179229736,0.5549870729446411,1.455849051475525,-0.39169514179229736,0.5549870729446411,1.455849051475525,1.3700982332229614,0.7746838331222534,0.6638874411582947,734.6752319335938,1130.1265869140625,1.953423261642456,0.047278232872486115,6.886802673339844,0.0,73.15483093261719,685.5587158203125,6.889546871185303,11.473617553710938,0.0,0.0,True
2020,center,57,0,-1,456,0.699999988079071,0.10000000149011612,0.20000000298023224,-0.3959169089794159,0.5712997317314148,1.5015934705734253,-0.3959169089794159,0.5712997317314148,1.5015934705734253,1.399671196937561,0.7722305059432983,0.664303719997406,732.9440307617188,1136.5552978515625,1.9968717098236084,0.04540252685546875,6.613577842712402,0.0,72.35115051269531,686.8627319335938,6.614070415496826,11.247055053710938,0.0,0.0,True
2022,center,57,2,-1,456,0.699999988079071,0.10000000149011612,0.20000000298023224,1.3844037055969238,-0.978439211845398,0.613459587097168,1.3844037055969238,-0.978439211845398,0.613459587097168,0.04270732030272484,0.15332169830799103,0.32096758484840393,1410.3819580078125,512.8857421875,0.934495210647583,0.12218811362981796,5.964188098907471,0.0,90.99049377441406,842.0881958007812,5.975073337554932,11.222061157226562,0.0,0.0,True
2024,center,58,0,-1,456,0.699999988079071,0.20000000298023224,0.10000000149011612,-0.40033337473869324,0.5871392488479614,1.5466961860656738,-0.40033337473869324,0.5871392488479614,1.5466961860656738,1.4293491840362549,0.7697397470474243,0.6648316979408264,731.134521484375,1142.7694091796875,2.03849196434021,0.08212283998727798,6.597808361053467,0.0,71.87470245361328,688.1988525390625,6.605527400970459,11.691009521484375,0.0,0.0,True
2032,center,60,0,-1,456,0.800000011920929,0.0,0.20000000298023224,-0.39521104097366333,0.5679672956466675,1.4844282865524292,-0.39521104097366333,0.5679672956466675,1.4844282865524292,1.3837981224060059,0.778890073299408,0.6640143990516663,733.2333984375,1135.244384765625,1.9807145595550537,0.05212146043777466,6.643257141113281,0.0,72.53936767578125,686.6092529296875,6.645413875579834,11.098114013671875,0.0,0.0,True
2034,center,60,2,-1,456,0.800000011920929,0.0,0.20000000298023224,1.3564139604568481,-0.9450021982192993,0.5934639573097229,1.3564139604568481,-0.9450021982192993,0.5934639573097229,0.04500634968280792,0.1570492386817932,0.32313159108161926,1402.6751708984375,524.2890014648438,0.9057810306549072,0.11726655811071396,4.540335178375244,0.0,102.0849838256836,834.04052734375,4.543055534362793,11.326278686523438,0.0,0.0,True
2036,center,61,0,-1,456,0.800000011920929,0.10000000149011612,0.10000000149011612,-0.3995993435382843,0.5844098329544067,1.5301687717437744,-0.3995993435382843,0.5844098329544067,1.5301687717437744,1.4137520790100098,0.7763208150863647,0.6642951965332031,731.4351806640625,1141.7005615234375,2.0233805179595947,0.05142001062631607,6.553852081298828,0.0,71.966552734375,687.96875,6.573849678039551,11.511138916015625,0.0,0.0,True
2040,center,62,0,-1,456,0.800000011920929,0.20000000298023224,0.0,-0.4041803777217865,0.6003624200820923,1.5752333402633667,-0.4041803777217865,0.6003624200820923,1.5752333402633667,1.443806529045105,0.7737165689468384,0.6646856665611267,729.5596923828125,1147.935791015625,2.0642049312591553,0.08174558728933334,6.926733493804932,0.0,71.54452514648438,689.359375,6.910408973693848,12.0899658203125,0.0,0.0,True
2044,center,63,0,-1,456,0.8999999761581421,0.0,0.10000000149011612,-0.3988793194293976,0.5809671878814697,1.5127747058868408,-0.3988793194293976,0.5809671878814697,1.5127747058868408,1.397838830947876,0.7829793691635132,0.6639672517776489,731.7301025390625,1140.3511962890625,2.0073025226593018,0.057611387223005295,6.527100563049316,0.0,72.1618423461914,687.701416015625,6.535732269287109,11.492523193359375,0.0,0.0,True
2046,center,63,2,-1,456,0.8999999761581421,0.0,0.10000000149011612,1.3913458585739136,-0.9796723127365112,0.6138280034065247,1.3913458585739136,-0.9796723127365112,0.6138280034065247,0.041506920009851456,0.15077675879001617,0.3141601085662842,1412.273681640625,512.468505859375,0.9350230693817139,0.06140134483575821,6.466245651245117,0.0,89.06005859375,843.0931396484375,6.45272159576416,11.727005004882812,0.0,0.0,True
2062,sample,56,1,6,456,0.699999988079071,0.0,0.30000001192092896,0.324232816696167,-0.508381187915802,0.2575135827064514,0.2792695462703705,0.21230100095272064,-0.8122922778129578,0.08556102961301804,0.7213614583015442,1.665313720703125,1036.478759765625,687.3943481445312,0.4022808074951172,0.05502226948738098,8.014301300048828,3.705248730057065e-08,47.70182418823242,683.4820556640625,8.015256881713867,13.194366455078125,0.0,0.0,True
2108,sample,57,3,4,456,0.699999988079071,0.10000000149011612,0.20000000298023224,-0.5025068521499634,0.5634838342666626,0.24141010642051697,0.14100565016269684,0.009502612054347992,0.26640817523002625,2.0733423233032227,2.4751765727996826,0.14679916203022003,689.7445068359375,1133.4786376953125,0.37737536430358887,0.06507105380296707,4.378460884094238,0.0,113.90162658691406,698.1283569335938,4.37399435043335,8.639480590820312,0.0,0.0,True
2258,sample,62,2,2,456,0.800000011920929,0.20000000298023224,0.0,1.5150606632232666,-1.1573272943496704,0.6290407180786133,1.4813588857650757,-1.0808049440383911,0.6743692755699158,0.034499090164899826,0.1380040943622589,0.30129510164260864,1444.6673583984375,454.844970703125,0.9567525386810303,0.1202758178114891,15.330022811889648,1.426675337875486e-29,40.44694519042969,882.7799072265625,15.333481788635254,15.444366455078125,0.0,0.0,True
2284,sample,63,1,4,456,0.8999999761581421,0.0,0.10000000149011612,0.17524830996990204,-0.41006970405578613,-3.485314130783081,0.28155070543289185,0.2281699776649475,-0.8415822386741638,0.07564103603363037,0.7265678644180298,1.7259316444396973,973.994140625,727.1510620117188,-2.954774856567383,0.15057677030563354,17.059642791748047,7.267824037905657e-13,64.05571746826172,670.8349609375,17.066598892211914,18.91034698486328,0.0,0.0,True
2288,sample,63,2,0,456,0.8999999761581421,0.0,0.10000000149011612,1.4548914432525635,-1.2157105207443237,0.30433163046836853,1.3913458585739136,-0.9796723127365112,0.6138280034065247,0.041506920009851456,0.15077675879001617,0.3141601085662842,1429.2232666015625,437.01239013671875,0.47438693046569824,0.12046071141958237,13.647635459899902,1.9099836090323987e-18,41.558311462402344,883.8856201171875,13.637364387512207,14.384536743164062,0.0,0.0,True
2304,center,64,0,-1,456,0.8999999761581421,0.10000000149011612,0.0,-0.4034293293952942,0.5975202322006226,1.5584694147109985,-0.4034293293952942,0.5975202322006226,1.5584694147109985,1.428164005279541,0.7802964448928833,0.6641102433204651,729.8671264648438,1146.8270263671875,2.0491578578948975,0.059969738125801086,6.794291019439697,0.0,71.64400482177734,689.1156616210938,6.789190292358398,11.915863037109375,0.0,0.0,True
2308,center,65,0,-1,456,1.0,0.0,0.0,-0.40269631147384644,0.5939707159996033,1.540844202041626,-0.40269631147384644,0.5939707159996033,1.540844202041626,1.4122059345245361,0.7869546413421631,0.6637439131736755,730.1671142578125,1145.44091796875,2.0331594944000244,0.06533762812614441,6.662202835083008,0.0,71.847412109375,688.8341674804688,6.688113689422607,11.740692138671875,0.0,0.0,True
2362,sample,65,2,2,456,1.0,0.0,0.0,1.4531854391098022,-1.5019246339797974,0.11724287271499634,1.4266400337219238,-1.0148149728775024,0.6344889998435974,0.03824291750788689,0.14470626413822174,0.30529507994651794,1428.77685546875,357.6544189453125,0.18395376205444336,0.07428371906280518,6.67744779586792,8.796584006631747e-05,45.64514923095703,923.243408203125,6.677303791046143,11.159652709960938,0.0,0.0,True
