run_id,weight_dem,weight_road,weight_demand,raw_x,raw_y,raw_theta,x,y,theta,scalar,dem_soft,obstacle_soft,road_distance,demand_distance,dem_hard_var,dem_hard_range,obstacle_hard_count,obstacle_hard_ratio,is_feasible
0,0.0,0.0,1.0,0.4934579133987427,0.23787136375904083,0.6640661358833313,1105.628662109375,1000.3971557617188,1.0063979625701904,0.03164574644860406,0.9573536515235901,3.859886188450901e-09,84.48921203613281,652.63671875,0.9562689661979675,6.154335021972656,0.0,0.0,True
1,0.0,0.05,0.95,0.07660365104675293,0.40306219458580017,0.0016358017455786467,932.1298217773438,1068.982666015625,0.002569437026977539,0.018227694713258216,26.72382354736328,3.195845132775917e-36,51.19207000732422,648.5623779296875,26.66023063659668,20.800315856933594,0.0,0.0,True
2,0.0,0.1,0.9,0.13719113171100616,0.452121764421463,-0.2953587472438812,957.87451171875,1088.9620361328125,-0.4606049060821533,0.027276135969273516,44.20561599731445,3.366667500337428e-10,47.7446174621582,650.1781005859375,44.217430114746094,29.31561279296875,0.0,0.0,True
3,0.0,0.15,0.85,0.17530015110969543,0.4991304576396942,0.3967433273792267,974.0160522460938,1107.9031982421875,0.6151552200317383,0.031870446582351906,25.376901626586914,4.194743077196028e-12,37.191097259521484,652.654296875,25.334335327148438,23.978965759277344,0.0,0.0,True
4,0.0,0.2,0.8,0.13092510402202606,0.3909703493118286,0.39772287011146545,955.216064453125,1064.02734375,0.6166343688964844,0.07733174954247458,37.87407684326172,0.0,67.6814956665039,647.4112548828125,37.88409423828125,25.465423583984375,0.0,0.0,True
5,0.0,0.25,0.75,0.2218695878982544,0.5736769437789917,0.9099785685539246,993.6669921875,1137.4896240234375,1.338291883468628,0.04672755308089758,32.35980987548828,3.711014606722074e-09,32.71686553955078,657.5961303710938,32.34503936767578,25.897216796875,0.0,0.0,True
6,0.0,0.3,0.7,0.00013871000555809587,-0.45107054710388184,-11.673004150390625,899.5591430664062,710.4638671875,-3.1415390968322754,0.07982864459593851,30.192420959472656,4.277925010856818e-18,43.16559982299805,679.5831909179688,29.934354782104492,23.201461791992188,0.0,0.0,True
7,0.0,0.35,0.65,0.01784089021384716,0.9116614460945129,-0.7180948257446289,907.1029663085938,1263.172119140625,-1.0818848609924316,0.09217335218234145,32.010704040527344,3.7310852324390353e-11,34.452396392822266,688.6631469726562,32.01274108886719,23.777328491210938,0.0,0.0,True
8,0.0,0.4,0.6,0.02451329305768013,1.034598708152771,-1.392338514328003,909.9461669921875,1304.8792724609375,-1.8910210132598877,0.11067423658908343,27.062397003173828,9.825567163189539e-21,42.44324493408203,702.6119384765625,27.174470901489258,21.907272338867188,0.0,0.0,True
9,0.0,0.45,0.55,0.03944166749715805,1.0508803129196167,1.2937703132629395,916.306396484375,1310.2275390625,1.7893550395965576,0.10445014652327854,46.276771545410156,1.7699890975109156e-07,38.20124816894531,704.384521484375,46.26780700683594,31.070327758789062,0.0,0.0,True
10,0.0,0.5,0.5,0.05426512286067009,0.9316573143005371,-1.035171627998352,922.6201782226562,1270.112548828125,-1.4948785305023193,0.08069978006710304,27.36261749267578,4.344587883897688e-11,28.251689910888672,690.347900390625,27.296228408813477,23.574432373046875,0.0,0.0,True
11,0.0,0.55,0.45,0.062229402363300323,1.1360130310058594,2.0264534950256348,926.011474609375,1337.507080078125,2.409895181655884,0.12461232020949885,77.63079071044922,4.363694475206792e-11,39.65887451171875,714.689208984375,77.5826187133789,34.18318176269531,0.0,0.0,True
12,0.0,0.6,0.4,1.293407917022705,-0.4249882996082306,1.0734513998031616,1384.856689453125,721.0625,1.5409681797027588,0.1467789779457994,45.780921936035156,2.9868205508034467e-21,35.59956359863281,762.293212890625,45.76190948486328,27.552734375,0.0,0.0,True
13,0.0,0.65,0.35,0.8464629054069519,-0.4617619812488556,1.153459072113037,1240.133056640625,706.1368408203125,1.634521245956421,0.20087741447246493,57.29121017456055,9.776821466237338e-22,54.095340728759766,712.4835205078125,57.306480407714844,29.916717529296875,0.0,0.0,True
14,0.0,0.7,0.3,0.7345333099365234,1.4385719299316406,0.15708501636981964,1199.1781005859375,1424.9332275390625,0.24624252319335938,0.2074935059114906,49.988739013671875,6.187868081384371e-27,51.885807037353516,784.3505859375,49.94319534301758,28.447036743164062,0.0,0.0,True
15,0.0,0.75,0.25,1.4227914810180664,1.8375747203826904,0.7010382413864136,1420.7435302734375,1517.71484375,1.0582010746002197,0.20985559106699608,89.66448211669922,3.611115859359856e-17,44.8878059387207,916.8104248046875,89.58992004394531,39.418975830078125,0.0,0.0,True
16,0.0,0.8,0.2,0.904262900352478,1.5097037553787231,1.6117039918899536,1260.589111328125,1443.3160400390625,2.0963714122772217,0.17677262267016608,50.64546585083008,5.968547338852659e-05,37.372344970703125,810.4407958984375,50.64702224731445,25.94207763671875,0.0,0.0,True
17,0.0,0.85,0.15,2.5391552448272705,-1.4224483966827393,3.141159772872925,1627.119873046875,378.34796142578125,2.8812105655670166,0.18101915728695392,16.418697357177734,6.991432019276544e-05,26.090229034423828,1021.7119140625,16.397497177124023,17.305206298828125,0.0,0.0,True
18,0.0,0.9,0.1,0.28955402970314026,1.352372169494629,0.3473227322101593,1022.0428466796875,1401.5517578125,0.540154218673706,0.14680823860561726,90.87271881103516,1.9723128295498493e-15,28.552886962890625,746.0977783203125,91.15843963623047,39.50691223144531,0.0,0.0,True
19,0.0,0.95,0.05,1.8707983493804932,3.1186041831970215,-2.4701147079467773,1524.34423828125,1679.6439208984375,-2.65162992477417,0.21391255332987613,37.979270935058594,4.785914193475484e-24,39.41438674926758,1075.47607421875,38.003273010253906,28.130386352539062,0.0,0.0,True
20,0.0,1.0,0.0,2.521240234375,-1.4163607358932495,10.667724609375,1625.0330810546875,379.975341796875,3.141446828842163,0.15483562159776518,14.3962984085083,1.7276370556373877e-07,27.099702835083008,1019.55908203125,14.370597839355469,14.207366943359375,0.0,0.0,True
21,0.05,0.0,0.95,0.01878567785024643,0.3797520697116852,2.116166353225708,907.5054931640625,1059.4197998046875,2.4659273624420166,0.019582215794836336,15.715105056762695,2.1944018158137624e-07,28.220558166503906,649.0211181640625,15.674651145935059,16.897056579589844,0.0,0.0,True
22,0.05,0.05,0.9,0.12450765818357468,0.40090611577033997,4.713729381561279,952.492431640625,1068.10009765625,3.085726022720337,0.019302625435487206,32.43841552734375,0.0,67.57537841796875,647.8717651367188,32.45365524291992,21.843971252441406,0.0,0.0,True
23,0.05,0.1,0.85,0.2414967119693756,0.5183667540550232,2.7978591918945312,1001.9201049804688,1115.592529296875,2.780686616897583,0.0314668293302297,18.821582794189453,1.9981096777144103e-09,49.66971206665039,654.394287109375,18.829912185668945,19.00788116455078,0.0,0.0,True
24,0.05,0.15,0.8,0.03458517789840698,0.4620789587497711,-0.10723729431629181,914.2374877929688,1092.9913330078125,-0.16828656196594238,0.04359629031069851,23.755352020263672,1.7974080867312954e-22,50.87452697753906,652.2850952148438,23.750980377197266,20.401039123535156,0.0,0.0,True
25,0.05,0.2,0.75,0.221697136759758,0.5775347948074341,0.9127697944641113,993.594482421875,1139.0047607421875,1.34187912940979,0.036958255936331015,32.33586502075195,9.764859498773149e-08,32.337677001953125,657.8514404296875,32.357234954833984,25.911712646484375,0.0,0.0,True
26,0.05,0.25,0.7,-0.2979467809200287,0.5289198160171509,-0.5020253658294678,773.4564819335938,1119.795166015625,-0.7724244594573975,0.0705340058942186,17.864614486694336,8.724878597377028e-10,41.467376708984375,675.24072265625,17.841228485107422,18.26275634765625,0.0,0.0,True
27,0.05,0.3,0.65,0.25985613465309143,0.7518949508666992,-0.8024914264678955,1009.6226806640625,1205.6424560546875,-1.1969919204711914,0.06664115081356031,37.35506057739258,9.746134566057663e-09,38.88275146484375,672.0480346679688,37.362586975097656,26.863876342773438,0.0,0.0,True
28,0.05,0.35,0.6,-0.6417607069015503,0.7701476812362671,-0.8035624027252197,635.0196533203125,1212.3951416015625,-1.1984295845031738,0.1589236266204755,37.71831130981445,6.24419817540911e-06,77.88720703125,728.570556640625,37.70978927612305,26.537094116210938,0.0,0.0,True
29,0.05,0.4,0.55,0.047093357890844345,0.9169308543205261,1.143804907798767,919.5657958984375,1265.0069580078125,1.62343430519104,0.07823231685052717,24.821760177612305,8.984831628700007e-11,32.39253234863281,688.8055419921875,24.79594612121582,22.5704345703125,0.0,0.0,True
30,0.05,0.45,0.5,0.38459956645965576,1.140136957168579,0.31086596846580505,1061.4119873046875,1338.799072265625,0.48441219329833984,0.12095745945018212,26.425582885742188,6.76416492262355e-11,45.38284683227539,721.40283203125,26.418827056884766,24.193710327148438,0.0,0.0,True
31,0.05,0.5,0.45,0.1411902904510498,1.2257006168365479,-0.3893474042415619,959.5706176757812,1364.9833984375,-0.6039750576019287,0.12988358107156636,106.79824829101562,7.41616531740874e-05,42.87386703491211,726.2747802734375,106.80423736572266,45.16914367675781,0.0,0.0,True
32,0.05,0.55,0.4,-0.4863213300704956,0.33792081475257874,0.5340632200241089,696.2372436523438,1042.155029296875,0.8195180892944336,0.13025787678547282,67.44385528564453,0.0,41.45561981201172,688.1219482421875,67.46944427490234,35.91960906982422,0.0,0.0,True
33,0.05,0.6,0.35,0.054649509489536285,-0.5261430740356445,0.016524283215403557,922.783935546875,680.3095092773438,0.025955677032470703,0.12252059297000041,14.319282531738281,2.855145621061815e-41,35.743736267089844,685.8558959960938,14.316205024719238,15.411788940429688,0.0,0.0,True
34,0.05,0.65,0.3,0.7159161567687988,2.2141571044921875,0.7841038703918457,1192.2022705078125,1583.9443359375,1.1722157001495361,0.23798005325251684,97.157958984375,2.8140798068523876e-13,64.08690643310547,879.0076904296875,97.19702911376953,44.21739196777344,0.0,0.0,True
35,0.05,0.7,0.25,0.24777615070343018,1.2815821170806885,0.46259626746177673,1004.5565795898438,1381.439697265625,0.7139575481414795,0.10447285017608139,84.7031021118164,0.00011818775965366513,23.169069290161133,735.447998046875,84.5759506225586,42.61769104003906,0.0,0.0,True
36,0.05,0.75,0.2,1.5628774166107178,2.102854013442993,1.3481078147888184,1456.5247802734375,1566.3294677734375,1.8461263179779053,0.19734666518710434,39.63404846191406,2.2408069594737762e-13,45.97012710571289,964.9866943359375,39.626731872558594,27.720382690429688,0.0,0.0,True
37,0.05,0.8,0.15,1.581981897354126,2.2202630043029785,7.649648189544678,1461.1600341796875,1584.8662109375,3.1386020183563232,0.21237771466704422,23.41508674621582,3.9507452243014995e-07,46.460113525390625,979.298095703125,23.067459106445312,24.327606201171875,0.0,0.0,True
38,0.05,0.85,0.1,0.9408989548683167,1.5387226343154907,0.9896724224090576,1273.2999267578125,1450.5806884765625,1.438995122909546,0.1275155598953475,22.729236602783203,3.689927723371511e-07,26.251895904541016,818.3963623046875,22.679777145385742,19.879302978515625,0.0,0.0,True
39,0.05,0.9,0.05,-0.7531511783599854,1.1086350679397583,-0.6092859506607056,592.8914184570312,1328.860595703125,-0.9285159111022949,0.17892978317495295,25.984127044677734,6.549246691876507e-24,34.80023956298828,774.5150146484375,26.029802322387695,22.736099243164062,0.0,0.0,True
40,0.05,0.95,0.0,1.5447797775268555,-1.6332758665084839,1.50986647605896,1452.080078125,325.68084716796875,2.004595994949341,0.1517061637043533,7.748385906219482,4.44967696466847e-07,27.94437026977539,951.9067993164062,7.7489848136901855,11.067459106445312,0.0,0.0,True
41,0.1,0.0,0.9,0.6407262086868286,-0.4759567975997925,-1.7505695819854736,1163.5819091796875,700.408203125,-2.211836099624634,0.14688424657054905,10.331183433532715,1.650996637181379e-06,35.78203582763672,695.6016235351562,10.305742263793945,15.470779418945312,0.0,0.0,True
42,0.1,0.05,0.85,0.17444251477718353,0.4796421527862549,-3.1473605632781982,973.6534423828125,1100.075927734375,-2.882754325866699,0.024134488250028445,23.740964889526367,1.78341042320597e-31,43.36393737792969,651.5732421875,23.736967086791992,21.317054748535156,0.0,0.0,True
43,0.1,0.1,0.8,0.14445865154266357,0.47998708486557007,-2.876844644546509,960.9563598632812,1100.2149658203125,-2.8066351413726807,0.02512996507842053,25.623966217041016,1.1417663175479232e-19,37.57633972167969,651.60107421875,25.61106300354004,22.636672973632812,0.0,0.0,True
44,0.1,0.15,0.75,0.01941590942442417,0.9276505708694458,1.741856575012207,907.774169921875,1268.7266845703125,2.2049124240875244,0.11029297426353192,40.15651321411133,2.6300302539104814e-13,37.34170913696289,690.3807983398438,40.19123077392578,26.722335815429688,0.0,0.0,True
45,0.1,0.2,0.7,0.26478835940361023,0.6537655591964722,1.2632731199264526,1011.6887817382812,1168.59521484375,1.7567098140716553,0.05351864008388009,54.570701599121094,1.9539714692775803e-16,44.883094787597656,664.0150756835938,54.609500885009766,32.399169921875,0.0,0.0,True
46,0.1,0.25,0.65,0.2461618334054947,0.699745237827301,1.1091432571411133,1003.8789672851562,1186.106689453125,1.5831706523895264,0.04974923315897431,49.86909866333008,4.937429909368518e-10,34.084625244140625,667.3180541992188,49.971134185791016,30.359466552734375,0.0,0.0,True
47,0.1,0.3,0.6,0.0747174397110939,-0.5443612933158875,-0.18782605230808258,931.3271484375,673.0761108398438,-0.2941720485687256,0.08300466482216223,12.204177856445312,5.471846855953504e-38,33.39351272583008,687.5302734375,12.217288970947266,16.195388793945312,0.0,0.0,True
48,0.1,0.35,0.55,0.7834816575050354,-0.45422306656837463,1.1548246145248413,1217.2998046875,709.1868896484375,1.6360852718353271,0.10643769458988511,50.43595886230469,3.2964455840556184e-06,48.73664093017578,705.380859375,50.48828125,27.835800170898438,0.0,0.0,True
49,0.1,0.4,0.5,0.03867847099900246,1.1392005681991577,-2.8146677017211914,915.9813232421875,1338.5059814453125,-2.7863621711730957,0.11157536513172095,38.33604049682617,0.0,48.647403717041016,715.2662353515625,38.34192657470703,25.917160034179688,0.0,0.0,True
50,0.1,0.45,0.45,0.03560104966163635,1.1070258617401123,1.5298007726669312,914.6703491210938,1328.348388671875,2.0230419635772705,0.11857249497942703,64.72453308105469,1.0384738743596245e-05,45.7186279296875,711.293212890625,64.84892272949219,32.45428466796875,0.0,0.0,True
51,0.1,0.5,0.4,0.06577254086732864,1.0888828039169312,0.6763836145401001,927.5198974609375,1322.5477294921875,1.023726224899292,0.09047887197580819,31.188085556030273,2.4187739125231605e-29,31.675193786621094,708.8029174804688,31.168481826782227,24.9532470703125,0.0,0.0,True
52,0.1,0.55,0.35,-2.088517427444458,0.3446561098098755,0.08487316220998764,235.05393981933594,1044.9434814453125,0.1332383155822754,0.28636843059279465,25.005884170532227,1.4717521423790458e-08,56.329097747802734,909.8670654296875,25.07105255126953,20.369216918945312,0.0,0.0,True
53,0.1,0.6,0.3,-0.34480077028274536,0.6290895342826843,-0.16430054605007172,753.9966430664062,1159.0906982421875,-0.2575035095214844,0.16583995272967392,18.848651885986328,0.0001244812592631206,44.750003814697266,685.1531372070312,18.853221893310547,17.43121337890625,0.0,0.0,True
54,0.1,0.65,0.25,0.35359466075897217,1.447091817855835,0.3097355365753174,1048.6390380859375,1427.1783447265625,0.4826788902282715,0.12384885169831736,117.0589370727539,1.4163723790261429e-05,32.970489501953125,761.197509765625,117.05976104736328,40.60035705566406,0.0,0.0,True
55,0.1,0.7,0.2,1.9741754531860352,-0.747189462184906,-1.4258290529251099,1543.9619140625,595.105712890625,-1.924229383468628,0.16457723060800786,2.8717293739318848,5.245015262409794e-19,41.15416717529297,879.1505737304688,2.873879909515381,9.470474243164062,0.0,0.0,True
56,0.1,0.75,0.15,-0.6306251287460327,0.8847078680992126,-0.3654608130455017,639.315673828125,1253.7230224609375,-0.5677595138549805,0.164262841921696,35.22178649902344,1.943909741740125e-30,38.337181091308594,736.9486083984375,35.21426010131836,24.85430908203125,0.0,0.0,True
57,0.1,0.8,0.1,0.24396759271621704,1.3148200511932373,0.6026516556739807,1002.9578247070312,1390.9852294921875,0.9189960956573486,0.14242218724738434,112.38300323486328,1.1552472263725814e-17,31.16231918334961,739.766845703125,112.4745101928711,50.243377685546875,0.0,0.0,True
58,0.1,0.85,0.05,0.5118751525878906,1.6225019693374634,0.3352223336696625,1113.001708984375,1470.7996826171875,0.5216898918151855,0.14129500178280208,126.73796844482422,3.945292215299364e-20,29.097118377685547,793.0139770507812,126.71170806884766,41.522216796875,0.0,0.0,True
59,0.1,0.9,0.0,0.05124752223491669,1.0352113246917725,-1.2424581050872803,921.3351440429688,1305.081298828125,-1.7341063022613525,0.16328420440857144,31.57692527770996,2.430276725657164e-24,31.757314682006836,702.3798828125,31.498273849487305,25.295486450195312,0.0,0.0,True
60,0.15,0.0,0.85,0.6839765310287476,-0.49776411056518555,1.9984441995620728,1180.130615234375,691.6444091796875,2.391591787338257,0.15396922847588457,27.218643188476562,3.3293471648103548e-19,54.12541961669922,701.5272216796875,27.205501556396484,21.058883666992188,0.0,0.0,True
61,0.15,0.05,0.8,0.026241539046168327,0.46555185317993164,-6.066586017608643,910.6826171875,1094.39453125,-3.1270551681518555,0.03783296245385391,25.71771812438965,9.812158863198306e-10,47.502872467041016,652.6915893554688,25.7760009765625,21.306968688964844,0.0,0.0,True
62,0.15,0.1,0.75,-0.3034689724445343,0.5131726861000061,-1.2510665655136108,771.1556396484375,1113.5198974609375,-1.7434861660003662,0.07495505619969078,13.707258224487305,1.0394825138242032e-18,46.03211975097656,674.9716796875,13.698883056640625,19.1375732421875,0.0,0.0,True
63,0.15,0.15,0.7,0.2756393551826477,0.596034824848175,-0.298221617937088,1016.2297973632812,1146.2471923828125,-0.46500396728515625,0.04569600154120292,25.412261962890625,2.0816438850435048e-10,53.32475280761719,660.05126953125,25.650047302246094,21.439743041992188,0.0,0.0,True
64,0.15,0.2,0.65,0.05834244191646576,0.45951464772224426,2.605531930923462,924.3563842773438,1091.9544677734375,2.7094147205352783,0.05471510763721407,27.13776969909668,0.0,47.88719177246094,651.583251953125,27.112903594970703,23.401405334472656,0.0,0.0,True
65,0.15,0.25,0.6,0.04883437976241112,0.9332493543624878,-1.1942167282104492,920.3074340820312,1270.6624755859375,-1.6807167530059814,0.08861208245628024,24.18874740600586,8.36732592934819e-12,30.449993133544922,690.586669921875,24.197750091552734,21.03021240234375,0.0,0.0,True
66,0.15,0.3,0.55,0.07282932847738266,-0.3923420310020447,0.2744801640510559,930.5235595703125,734.4098510742188,0.4284656047821045,0.061245586177797275,24.724363327026367,3.60731029914652e-16,35.73515319824219,670.9059448242188,24.754505157470703,20.388343811035156,0.0,0.0,True
67,0.15,0.35,0.5,-0.5302609205245972,0.31871750950813293,0.3484501838684082,678.6715698242188,1034.18798828125,0.5418722629547119,0.08927949377156003,48.6483154296875,1.7292023049768243e-42,44.65044403076172,693.0302734375,48.57554626464844,26.76824951171875,0.0,0.0,True
68,0.15,0.4,0.45,-0.32945093512535095,0.6984866857528687,-1.202244758605957,760.3558959960938,1185.630859375,-1.6896984577178955,0.07237294202052266,13.12724781036377,1.3294679739012756e-15,31.67074966430664,688.3590087890625,13.101301193237305,18.285736083984375,0.0,0.0,True
69,0.15,0.45,0.4,0.41828927397727966,1.2042794227600098,-1.9552159309387207,1075.205810546875,1358.539794921875,-2.36256742477417,0.10939639101496368,15.979747772216797,4.037608960061334e-06,37.39210510253906,731.3992919921875,16.150310516357422,19.220046997070312,0.0,0.0,True
70,0.15,0.5,0.35,-0.31041717529296875,0.8194740414619446,0.8900157809257507,768.2631225585938,1230.4166259765625,1.3125159740447998,0.07261078402655141,31.944252014160156,8.63929983108136e-10,25.41983413696289,696.5870361328125,31.91999626159668,24.5252685546875,0.0,0.0,True
71,0.15,0.55,0.3,-0.0066680614836514,0.5790728330612183,-0.7109240889549255,896.6582641601562,1139.6082763671875,-1.0719449520111084,0.12643924883269683,24.82941436767578,3.8011746511676484e-26,40.24031066894531,660.2938842773438,24.834653854370117,25.310089111328125,0.0,0.0,True
72,0.15,0.6,0.25,0.30805152654647827,-0.5299538969993591,1.7207316160202026,1029.752197265625,678.7936401367188,2.187950372695923,0.15930938459283656,12.04642105102539,2.2910956508339953e-19,46.47637176513672,685.7410888671875,12.041287422180176,14.466011047363281,0.0,0.0,True
73,0.15,0.65,0.2,0.3054928183555603,-0.5384588837623596,-0.37399908900260925,1028.6871337890625,675.4159545898438,-0.5807232856750488,0.16662478162716937,10.173824310302734,4.089937277740319e-08,44.87016677856445,686.737548828125,10.182689666748047,13.254776000976562,0.0,0.0,True
74,0.15,0.7,0.15,0.9362730383872986,1.5792227983474731,-1.4207191467285156,1271.7061767578125,1460.494140625,-1.9192060232162476,0.1259554837163852,29.429651260375977,2.4061596465285717e-11,31.496416091918945,823.5452880859375,29.436307907104492,19.91607666015625,0.0,0.0,True
75,0.15,0.75,0.1,4.628134727478027,1.4156240224838257,-3.9277491569519043,1735.3316650390625,1418.8272705078125,-3.020278215408325,0.16762654980932262,8.080483436584473,9.936302251844667e-20,39.12223434448242,1064.189697265625,8.064064979553223,13.770088195800781,0.0,0.0,True
76,0.15,0.8,0.05,0.6443220376968384,1.4179807901382446,0.21102355420589447,1164.9664306640625,1419.4583740234375,0.33025050163269043,0.16381673605473077,21.813156127929688,1.70244807961507e-16,35.84349822998047,774.3862915039062,21.839845657348633,23.015121459960938,0.0,0.0,True
77,0.15,0.85,0.0,1.8630688190460205,3.217775821685791,-2.1417346000671387,1522.8162841796875,1686.19677734375,-2.481191635131836,0.16325778279399272,26.539257049560547,4.165005975664826e-07,33.61137390136719,1079.166748046875,26.585426330566406,24.27606201171875,0.0,0.0,True
78,0.2,0.0,0.8,-0.2998785674571991,0.468904584646225,7.1445698738098145,772.6513671875,1095.7479248046875,3.1366379261016846,0.07436002147869357,34.83983612060547,4.868055486337455e-20,51.58148193359375,672.6856689453125,34.37024688720703,25.04681396484375,0.0,0.0,True
79,0.2,0.05,0.75,0.46418315172195435,0.291475772857666,0.9552232623100281,1093.841552734375,1022.8447265625,1.395900011062622,0.03137407655083166,13.863619804382324,2.6981603062914417e-10,109.83548736572266,652.3377685546875,13.867539405822754,18.203330993652344,0.0,0.0,True
80,0.2,0.1,0.7,0.17944347858428955,0.3969607651233673,0.42373836040496826,975.76806640625,1066.4837646484375,0.65582275390625,0.0815020246303527,41.55208969116211,2.248977359760424e-24,74.32888793945312,647.6063842773438,41.53932571411133,26.294029235839844,0.0,0.0,True
81,0.2,0.15,0.65,0.7268062829971313,-0.4389437437057495,-0.47153905034065247,1196.2882080078125,715.3842163085938,-0.7272658348083496,0.11166358557414001,38.577510833740234,2.6643842687690267e-09,46.96349334716797,698.46923828125,38.55883026123047,23.5260009765625,0.0,0.0,True
82,0.2,0.2,0.6,0.2472684532403946,-0.5467743277549744,1.8493762016296387,1004.343505859375,672.1207275390625,2.2874176502227783,0.08175566076916203,10.016372680664062,0.0,59.93299102783203,686.8494873046875,10.014951705932617,13.47021484375,0.0,0.0,True
83,0.2,0.25,0.55,-0.3186280131340027,0.5106257200241089,0.8345587253570557,764.8490600585938,1112.5025634765625,1.2397854328155518,0.07460564412216267,14.036849021911621,2.2721668692640221e-35,52.23646545410156,676.2333984375,14.046985626220703,19.432281494140625,0.0,0.0,True
84,0.2,0.3,0.5,-0.5154537558555603,0.3450014591217041,0.2474336475133896,684.5694580078125,1045.0863037109375,0.38669681549072266,0.08458561343458755,42.73624038696289,0.0,49.353431701660156,691.7078247070312,42.7066764831543,25.512741088867188,0.0,0.0,True
85,0.2,0.35,0.45,0.7795090079307556,-0.4448212683200836,0.035583529621362686,1215.841064453125,712.9978637695312,0.05588841438293457,0.09032676630930456,30.95903778076172,0.0,45.1742057800293,703.9749755859375,30.914064407348633,23.63958740234375,0.0,0.0,True
86,0.2,0.4,0.4,-0.5301526784896851,0.30344000458717346,0.2840610444545746,678.7146606445312,1027.8323974609375,0.443225622177124,0.10479479492317001,53.42741775512695,1.6289352355092385e-33,40.36150360107422,692.7958984375,53.4369010925293,28.51287841796875,0.0,0.0,True
87,0.2,0.45,0.35,-0.24516835808753967,1.3889087438583374,-1.4496901035308838,795.5380249023438,1411.610595703125,-1.94747793674469,0.12089413395327497,32.004981994628906,8.282786349150806e-13,46.03224182128906,755.250244140625,31.981115341186523,21.755706787109375,0.0,0.0,True
88,0.2,0.5,0.3,-0.20811371505260468,1.2307361364364624,1.6345208883285522,811.1279296875,1366.4871826171875,2.1161015033721924,0.08454438976953646,8.215028762817383,2.17211947983742e-07,29.590023040771484,734.296630859375,8.193408012390137,13.63055419921875,0.0,0.0,True
89,0.2,0.55,0.25,-0.23138181865215302,1.2830581665039062,1.642858624458313,801.330810546875,1381.8675537109375,2.1232364177703857,0.09053359236696754,9.052133560180664,9.054310794454068e-06,28.524885177612305,741.8580932617188,9.042640686035156,15.626998901367188,0.0,0.0,True
90,0.2,0.6,0.2,0.3201349675655365,-0.5831694602966309,-1.7817829847335815,1034.7769775390625,657.7853393554688,-2.2362918853759766,0.1114435041226749,13.727362632751465,0.00014872926112730056,28.173168182373047,692.7208251953125,13.7222318649292,16.681488037109375,0.0,0.0,True
91,0.2,0.65,0.15,2.8228750228881836,-1.380303144454956,3.952749252319336,1656.1978759765625,389.73895263671875,3.023216485977173,0.18012370264272462,12.02078914642334,0.0,43.374114990234375,1035.002685546875,12.010025978088379,14.936492919921875,0.0,0.0,True
92,0.19999999999999998,0.7,0.09999999999999999,1.8273295164108276,3.138749361038208,-2.403571844100952,1515.637939453125,1681.023681640625,-2.6207120418548584,0.13261863760509812,31.021024703979492,3.5418651123109157e-07,33.15374755859375,1071.8402099609375,31.0136661529541,26.865997314453125,0.0,0.0,True
93,0.2,0.75,0.05,1.1880497932434082,1.4397088289260864,-1.4134521484375,1353.60791015625,1425.2335205078125,-1.912035346031189,0.16796672045132877,54.5516471862793,4.4780983444070444e-05,38.15648651123047,834.3869018554688,54.584510803222656,35.99674987792969,0.0,0.0,True
94,0.2,0.8,0.0,1.5463968515396118,-1.6294845342636108,-0.825067937374115,1452.4793701171875,326.56536865234375,-1.2271757125854492,0.12487786615803123,7.457469940185547,4.32263561833679e-07,27.31412124633789,951.5740966796875,7.449100494384766,10.523773193359375,0.0,0.0,True
95,0.25,0.0,0.75,0.758391261100769,-0.413514107465744,-0.11264358460903168,1208.0509033203125,725.7437133789062,-0.17675328254699707,0.12918888511297494,31.806812286376953,3.940727211215744e-08,34.33057403564453,698.61865234375,31.7652587890625,24.835052490234375,0.0,0.0,True
96,0.25,0.05,0.7,-0.008942916989326477,0.9681361317634583,-0.753040611743927,895.6888427734375,1282.61865234375,-1.1299736499786377,0.1137263665523558,39.46213912963867,3.932194125866317e-09,32.01380157470703,695.419921875,39.44649887084961,27.594009399414062,0.0,0.0,True
97,0.25,0.1,0.65,0.4577700197696686,0.7956628799438477,0.9649998545646667,1091.2486572265625,1221.7591552734375,1.4081981182098389,0.08335183274320256,19.63753890991211,0.0,120.87895965576172,684.2247314453125,19.63384246826172,21.006988525390625,0.0,0.0,True
98,0.25,0.15,0.6,0.1328759491443634,-0.44671595096588135,-0.9842921495437622,956.0438842773438,712.229248046875,-1.4323089122772217,0.08410091280122264,34.30166244506836,0.0,67.80015563964844,675.2517700195312,34.298789978027344,24.50353240966797,0.0,0.0,True
99,0.25,0.2,0.55,0.330687552690506,0.5626026391983032,-0.2898207902908325,1039.1571044921875,1133.1314697265625,-0.4520895481109619,0.08937110956504452,33.33450698852539,0.0,78.21846008300781,659.3575439453125,33.354251861572266,24.771697998046875,0.0,0.0,True
100,0.25,0.25,0.5,0.7449212670326233,-0.43046167492866516,-3.7913036346435547,1203.0506591796875,718.83349609375,-3.002934217453003,0.08702442776430667,24.54303741455078,4.533865478606458e-07,42.149322509765625,699.1784057617188,24.5535888671875,21.475112915039062,0.0,0.0,True
101,0.25,0.3,0.45,0.7027215361595154,-0.4577433168888092,-2.430691957473755,1187.2310791015625,707.7620849609375,-2.633521556854248,0.08458030464815287,15.159672737121582,1.0139402234090285e-19,49.35033416748047,698.471435546875,15.165258407592773,17.931243896484375,0.0,0.0,True
102,0.25,0.35,0.4,-0.27774739265441895,0.5673811435699463,-0.8025831580162048,781.8888549804688,1135.0135498046875,-1.1971150636672974,0.0555278179408583,10.821285247802734,5.0139283835903825e-09,27.77031135559082,675.493408203125,10.82757568359375,14.331085205078125,0.0,0.0,True
103,0.25,0.4,0.35,-0.6169453859329224,0.8650637865066528,2.545560121536255,644.61328125,1246.7691650390625,2.6846463680267334,0.09763837579090051,37.21022415161133,1.2737275767449319e-07,42.27119064331055,733.50830078125,37.1346435546875,25.633819580078125,0.0,0.0,True
104,0.25,0.45,0.3,-0.6879344582557678,0.9898831248283386,1.571428894996643,617.3663940429688,1289.9776611328125,2.060804605484009,0.10253354820797783,18.942584991455078,2.170456786865906e-18,31.12117576599121,754.06201171875,18.934572219848633,20.3359375,0.0,0.0,True
105,0.25,0.5,0.25,-0.29959872364997864,1.3786715269088745,-0.298177570104599,772.7680053710938,1408.8140869140625,-0.4649367332458496,0.09772288105172343,9.52783203125,6.478928912684077e-25,34.211204528808594,757.4599609375,9.550398826599121,13.715087890625,0.0,0.0,True
106,0.25,0.55,0.2,0.23635496199131012,-0.5688477754592896,-1.7293341159820557,999.7598876953125,663.4093017578125,-2.194887638092041,0.17941686541998872,25.905447006225586,0.0,57.10086441040039,689.5189819335938,25.906217575073242,20.522750854492188,0.0,0.0,True
107,0.25,0.6,0.15,2.4017891883850098,0.5203909277915955,0.23583738505840302,1610.28125,1116.399658203125,0.3687448501586914,0.12473746789507775,10.940780639648438,5.010120366932824e-05,34.9288444519043,882.5242309570312,10.942008972167969,14.00238037109375,0.0,0.0,True
108,0.25,0.65,0.1,-0.11300691217184067,-0.6643761396408081,-1.1716938018798828,851.3916015625,626.340576171875,-1.6553117036819458,0.09222662975813786,9.919139862060547,8.08550430519972e-06,24.618457794189453,711.1469116210938,9.921989440917969,13.966506958007812,0.0,0.0,True
109,0.25,0.7,0.05,1.5188959836959839,2.2581968307495117,1.0997971296310425,1445.6319580078125,1590.4930419921875,1.5721919536590576,0.12296696850704675,14.172181129455566,1.0695971468521748e-06,30.722362518310547,975.285400390625,14.24599838256836,16.980987548828125,0.0,0.0,True
110,0.25,0.75,0.0,-0.12491586059331894,-0.6161004900932312,0.4143417775630951,846.3343505859375,644.941162109375,0.6416923999786377,0.13073721813994368,16.937849044799805,4.812124438203564e-34,30.51266098022461,705.7369384765625,16.942550659179688,18.895355224609375,0.0,0.0,True
111,0.3,0.0,0.7,0.16614945232868195,-0.3579528033733368,-3.235032796859741,970.1447143554688,748.561279296875,-2.903658151626587,0.04982556935371037,13.485273361206055,4.33442949088203e-07,43.65504455566406,665.5455932617188,13.45470142364502,16.081588745117188,0.0,0.0,True
112,0.3,0.05,0.65,0.4679274559020996,0.7527055144309998,-5.159868240356445,1095.353759765625,1205.9432373046875,-3.105717897415161,0.07635845330930517,25.5714054107666,0.0,124.61383056640625,680.7061157226562,25.480987548828125,23.80377197265625,0.0,0.0,True
113,0.3,0.1,0.6,0.1795121431350708,-0.4100918769836426,-1.1338144540786743,975.7969970703125,727.1419677734375,-1.611901879310608,0.0749099519146457,25.460840225219727,1.0988179613215157e-38,64.97869110107422,670.8106079101562,25.445343017578125,21.080215454101562,0.0,0.0,True
114,0.3,0.15,0.55,-0.26048681139945984,0.5205742716789246,-0.7961665391921997,789.113037109375,1116.4725341796875,-1.1884889602661133,0.0493322765341822,16.070762634277344,2.143953764521811e-10,28.344070434570312,671.6211547851562,16.002838134765625,17.249526977539062,0.0,0.0,True
115,0.3,0.2,0.5,-0.4422248601913452,0.6214135885238647,-0.4866941571235657,714.0516357421875,1156.1195068359375,-0.749755859375,0.09508364271978877,9.731158256530762,1.9034972011732302e-20,83.21812438964844,694.66845703125,9.721641540527344,13.744857788085938,0.0,0.0,True
116,0.3,0.25,0.45,-0.6227005124092102,0.7549708485603333,1.1977516412734985,642.3818359375,1206.783447265625,1.6846764087677002,0.11622933020992508,36.59410095214844,3.310839829292339e-13,81.3800277709961,725.0238037109375,36.57108688354492,23.82147216796875,0.0,0.0,True
117,0.3,0.3,0.4,-0.04826570302248001,0.5984335541725159,-0.5610918402671814,878.9348754882812,1147.1834716796875,-0.8589437007904053,0.05064719802381422,16.251543045043945,2.1534486194241254e-08,29.55002212524414,663.064697265625,16.262483596801758,19.705650329589844,0.0,0.0,True
118,0.3,0.35,0.35,-0.3018231987953186,0.6315993666648865,1.535245418548584,771.8411865234375,1160.0606689453125,2.0280392169952393,0.07344130155389082,10.804208755493164,0.00018070964142680168,27.691802978515625,681.3406982421875,10.789287567138672,14.500823974609375,0.0,0.0,True
119,0.3,0.4,0.3,-0.20949852466583252,-0.6002101302146912,-0.6038787961006165,810.5442504882812,651.1235961914062,-0.9207582473754883,0.13951430432016515,47.418949127197266,8.344855362274473e-11,39.91901779174805,710.0921020507812,47.46846008300781,29.20679473876953,0.0,0.0,True
120,0.3,0.45,0.25,-0.19037897884845734,1.3961697816848755,1.7030258178710938,818.6112670898438,1413.58349609375,2.173539400100708,0.1601988645682641,23.59345245361328,0.0,62.31448745727539,753.3978271484375,23.58847999572754,21.681121826171875,0.0,0.0,True
121,0.3,0.5,0.2,1.569051742553711,-0.9732781052589417,-1.0183219909667969,1458.0291748046875,514.634765625,-1.4743218421936035,0.1388306058041006,20.735118865966797,9.304340269923876e-35,48.60235595703125,863.4267578125,20.727434158325195,19.199859619140625,0.0,0.0,True
122,0.3,0.55,0.15,0.05838165059685707,0.9954221844673157,0.8633749485015869,924.3731689453125,1291.8404541015625,1.2777817249298096,0.08183572200053388,27.464693069458008,1.0301076144969556e-05,25.075098037719727,697.5969848632812,27.450666427612305,20.03948974609375,0.0,0.0,True
123,0.3,0.6,0.09999999999999999,2.5036673545837402,-1.398978590965271,-0.1931815892457962,1622.955322265625,384.655517578125,-0.3025088310241699,0.11423754601908281,12.165742874145508,8.958466217805139e-27,31.05304718017578,1015.8875732421875,12.192471504211426,15.8690185546875,0.0,0.0,True
124,0.3,0.65,0.05,2.5844874382019043,-1.376318335533142,-6.325644016265869,1632.25927734375,390.83099365234375,-3.1303670406341553,0.1466545878118301,8.711247444152832,0.0,39.49338912963867,1018.7930908203125,8.65473461151123,10.829849243164062,0.0,0.0,True
125,0.3,0.7,0.0,2.0510239601135254,3.7540206909179688,-2.053260564804077,1557.5858154296875,1712.81494140625,-2.4270479679107666,0.16981543154032144,20.235212326049805,1.2278237555329635e-16,42.46403121948242,1116.1343994140625,20.196063995361328,18.737716674804688,0.0,0.0,True
126,0.35,0.0,0.65,0.705111563205719,-0.44582808017730713,0.92613685131073,1188.1331787109375,712.58935546875,1.3589951992034912,0.10946382709868387,23.180845260620117,4.121832262171665e-07,46.975379943847656,697.3418579101562,23.16535758972168,20.646209716796875,0.0,0.0,True
127,0.35,0.05,0.6,-0.3303190767765045,0.5176116824150085,0.3600796163082123,759.9957885742188,1115.2913818359375,0.5595786571502686,0.06488279626261126,18.55783462524414,0.0,55.61895751953125,677.6527099609375,18.56221580505371,18.188018798828125,0.0,0.0,True
128,0.35,0.1,0.55,0.4660691022872925,0.8156274557113647,0.574655294418335,1094.6033935546875,1229.0233154296875,0.878619909286499,0.07462376599495085,17.26630210876465,0.0,124.98657989501953,686.6598510742188,17.248023986816406,17.903305053710938,0.0,0.0,True
129,0.35,0.15,0.5,0.3876626491546631,0.8233501315116882,0.9536380767822266,1062.6697998046875,1231.818359375,1.3939011096954346,0.08077216192038658,23.53141975402832,0.0,93.92105102539062,683.5718994140625,23.509105682373047,22.20330810546875,0.0,0.0,True
130,0.35,0.2,0.45,-0.3860560655593872,0.636771559715271,-4.75707483291626,736.98974609375,1162.057373046875,-3.088075637817383,0.06815228681903385,18.485742568969727,0.0,59.64754104614258,689.7159423828125,18.51175308227539,16.402587890625,0.0,0.0,True
131,0.35,0.25,0.4,0.6850607395172119,-0.49882057309150696,0.40768498182296753,1180.542724609375,691.2210083007812,0.6316652297973633,0.0781424650846826,11.924145698547363,0.0,54.712833404541016,701.739501953125,11.919883728027344,16.488250732421875,0.0,0.0,True
132,0.35,0.3,0.35,-0.13269144296646118,1.2202402353286743,0.9878158569335938,843.0343017578125,1363.347900390625,1.436690092086792,0.09586268533603264,13.08820629119873,1.1762499309542514e-41,55.93330001831055,729.4818725585938,13.085165023803711,20.030181884765625,0.0,0.0,True
133,0.35,0.35,0.3,-0.28646695613861084,0.597343385219574,-0.8138980269432068,778.2459106445312,1146.758056640625,-1.2122747898101807,0.05340822335428014,10.013652801513672,3.2578220725554274e-06,26.54758071899414,677.93115234375,10.004321098327637,13.1767578125,0.0,0.0,True
134,0.35,0.4,0.25,1.236838698387146,-0.4127858877182007,0.1791025996208191,1368.30419921875,726.0411376953125,0.28058409690856934,0.09980063458391229,27.703327178955078,2.0376027973717222e-35,43.673240661621094,753.9874267578125,27.700674057006836,26.033767700195312,0.0,0.0,True
135,0.35,0.45,0.2,6.723824977874756,-0.30532363057136536,-0.07900635153055191,1749.7835693359375,770.3831787109375,-0.1240379810333252,0.20694557970315,22.59001350402832,2.4341358332055052e-24,78.46870422363281,980.6827392578125,22.596988677978516,22.587448120117188,0.0,0.0,True
136,0.35,0.5,0.15,1.4262715578079224,-1.3382072448730469,1.699806809425354,1421.6708984375,401.40692138671875,2.170900583267212,0.117119804208732,20.680992126464844,8.070335372201143e-11,40.542266845703125,897.6382446289062,20.662076950073242,19.016036987304688,0.0,0.0,True
137,0.35,0.55,0.1,1.282749056816101,2.6593501567840576,0.9748992323875427,1381.7779541015625,1640.319580078125,1.4205963611602783,0.13538053381990706,39.440521240234375,1.2920970622481506e-18,29.133071899414062,980.3175048828125,39.4433479309082,24.53216552734375,0.0,0.0,True
138,0.35,0.6,0.05,-0.31996098160743713,0.582879900932312,-0.8943586945533752,764.2953491210938,1141.1011962890625,-1.3181421756744385,0.1425933890719878,8.784266471862793,0.0,41.59970474243164,680.08154296875,8.773777961730957,11.4281005859375,0.0,0.0,True
139,0.35,0.65,0.0,-2.1872453689575195,0.007742318324744701,0.9455569386482239,219.17306518554688,902.7994384765625,1.38368821144104,0.09435301702872238,16.773649215698242,1.4190258298185654e-05,25.02668571472168,925.6763305664062,16.77610969543457,16.879928588867188,0.0,0.0,True
140,0.4,0.0,0.6,0.47198978066444397,0.2519325315952301,1.6659070253372192,1096.9927978515625,1006.3004760742188,2.1427509784698486,0.01745856376162103,4.450440406799316,7.387603895749542e-28,93.60589599609375,651.7311401367188,4.447575569152832,9.243431091308594,0.0,0.0,True
141,0.4,0.05,0.55,0.4582415819168091,0.7786251902580261,-0.446364164352417,1091.439453125,1215.5162353515625,-0.6897330284118652,0.06779519970420157,16.09871482849121,0.0,120.74221801757812,682.5994873046875,16.08683967590332,23.452728271484375,0.0,0.0,True
142,0.4,0.1,0.5,0.45989108085632324,0.8399797081947327,0.856313169002533,1092.106689453125,1237.8084716796875,1.2685110569000244,0.07113558355556118,13.82358169555664,0.0,123.95075225830078,688.8155517578125,13.822471618652344,17.25408935546875,0.0,0.0,True
143,0.4,0.15,0.45,0.003825813066214323,0.40222829580307007,-0.3244609236717224,901.1304931640625,1068.6412353515625,-0.5052375793457031,0.05726665801147749,13.969870567321777,2.4644690711284056e-05,33.29122543334961,650.4445190429688,13.970643997192383,16.122352600097656,0.0,0.0,True
144,0.4,0.2,0.4,0.3785724639892578,0.8046250343322754,1.2515265941619873,1058.9346923828125,1225.0269775390625,1.7439863681793213,0.10181277796651043,25.90001678466797,0.0,89.10752868652344,681.255615234375,25.8492374420166,23.577362060546875,0.0,0.0,True
145,0.4,0.25,0.35,0.47549352049827576,-0.6518028378486633,0.5027625560760498,1098.4051513671875,631.158203125,0.7735123634338379,0.06982154369023598,9.75649642944336,1.2259945561196323e-14,27.800365447998047,707.5283203125,9.766904830932617,13.164810180664062,0.0,0.0,True
146,0.4,0.3,0.3,0.12107178568840027,0.3751262426376343,0.10295519232749939,951.0335693359375,1057.5169677734375,0.16157913208007812,0.10458908803095046,23.72498893737793,9.52992739336814e-33,61.02492141723633,646.84521484375,23.7191162109375,18.93138885498047,0.0,0.0,True
147,0.4,0.35,0.25,-0.6853018999099731,0.9666216969490051,1.973902940750122,618.3657836914062,1282.103515625,2.375230550765991,0.08344446867362658,19.906511306762695,8.943356277768544e-09,32.41999053955078,751.4443359375,19.87558364868164,19.77191162109375,0.0,0.0,True
148,0.4,0.4,0.2,-0.809675395488739,1.8507695198059082,1.9491853713989258,572.136474609375,1520.366943359375,2.358442544937134,0.1483282426662497,24.571842193603516,3.294244101155442e-18,64.9091567993164,866.14794921875,24.531599044799805,21.210128784179688,0.0,0.0,True
149,0.4,0.45,0.15,-0.11318019032478333,1.1248767375946045,-0.1909370720386505,851.3179931640625,1334.0045166015625,-0.29901552200317383,0.10060333019703284,7.500642776489258,2.646980190590398e-09,39.132789611816406,717.067138671875,7.485072135925293,13.992019653320312,0.0,0.0,True
150,0.4,0.5,0.1,2.7589540481567383,-1.3692997694015503,-1.1168818473815918,1650.261474609375,392.7607421875,-1.5922211408615112,0.13205339291474255,21.388648986816406,3.0233790201992063e-16,46.22976303100586,1029.597412109375,21.411165237426758,16.288238525390625,0.0,0.0,True
151,0.4,0.55,0.05,-2.185614824295044,-2.251343011856079,-1.0052090883255005,219.42538452148438,209.51097106933594,-1.4582113027572632,0.08020173926785708,6.2301716804504395,5.012846860969356e-16,19.670595169067383,1166.86767578125,6.23242712020874,11.580245971679688,0.0,0.0,True
152,0.4,0.6,0.0,0.6261690258979797,1.400173544883728,-2.607455015182495,1157.961181640625,1414.6678466796875,-2.710188150405884,0.1313719613593921,20.555143356323242,7.540968628326235e-21,38.32600402832031,770.6043701171875,20.501922607421875,21.765213012695312,0.0,0.0,True
153,0.45,0.0,0.55,-0.48339277505874634,0.4996936619281769,1.0914735794067383,697.4147338867188,1108.1287841796875,1.562371015548706,0.08506775147987931,3.805189847946167,0.0,104.07723999023438,692.8699951171875,3.8152220249176025,10.45184326171875,0.0,0.0,True
154,0.45,0.05,0.5,-0.6365382671356201,0.38070958852767944,-1.6550829410552979,637.0325927734375,1059.8134765625,-2.133624315261841,0.09995642113172007,13.473621368408203,0.0,92.75077056884766,707.6665649414062,13.485535621643066,17.286514282226562,0.0,0.0,True
155,0.45,0.1,0.45,1.2489852905273438,-0.3930318057537079,0.15769816935062408,1371.9024658203125,734.126953125,0.24719977378845215,0.15332850246615784,32.43622970581055,1.5390949487646167e-14,35.00620651245117,753.7191162109375,32.55962371826172,27.2257080078125,0.0,0.0,True
156,0.45,0.15,0.4,0.12586165964603424,-0.5806270241737366,2.082472085952759,953.0671997070312,658.7820434570312,2.4453394412994385,0.06007812781404947,13.613141059875488,0.0,42.542110443115234,691.1735229492188,13.612334251403809,15.3162841796875,0.0,0.0,True
157,0.45,0.2,0.35,-0.35734397172927856,0.5178280472755432,0.7212037444114685,748.8126220703125,1115.377685546875,1.0861866474151611,0.07527799887309022,12.703481674194336,0.0,65.884033203125,680.2611694335938,12.691940307617188,17.24090576171875,0.0,0.0,True
158,0.45,0.25,0.3,0.1097409799695015,-0.5543835759162903,-0.6217365860939026,946.220947265625,669.1117553710938,-0.9463319778442383,0.06293391543273553,14.260235786437988,7.029010815760913e-35,41.79182052612305,688.1065673828125,14.267476081848145,16.39056396484375,0.0,0.0,True
159,0.45,0.3,0.25,1.2268459796905518,-0.42483818531036377,3.3273258209228516,1365.32568359375,721.1236572265625,2.9239084720611572,0.08528897390707206,19.218637466430664,0.0,49.40496826171875,753.8583984375,19.21148109436035,18.334625244140625,0.0,0.0,True
160,0.45,0.35,0.2,-0.2569599747657776,1.3296780586242676,-0.413675993680954,790.5912475585938,1395.1937255859375,-0.6406903266906738,0.06520859081050266,8.327226638793945,6.372021868517616e-16,30.133556365966797,748.9158935546875,8.308610916137695,13.448883056640625,0.0,0.0,True
161,0.45,0.4,0.15,-0.04484780132770538,0.6334211826324463,-0.5561299324035645,880.3905639648438,1160.7642822265625,-0.8517272472381592,0.10738634663517396,24.32105827331543,5.155585540705943e-07,40.74441146850586,665.3367919921875,24.267065048217773,21.570877075195312,0.0,0.0,True
162,0.45,0.45,0.1,1.4720672369003296,-1.2928253412246704,-1.0483622550964355,1433.691650390625,414.31109619140625,-1.5108565092086792,0.07809501610443903,15.629895210266113,1.5188128532628298e-10,30.37755584716797,896.6708374023438,15.624922752380371,18.019882202148438,0.0,0.0,True
163,0.45,0.5,0.05,2.314192771911621,0.4823416769504547,0.310619056224823,1598.488525390625,1101.1624755859375,0.48403358459472656,0.12388491185623131,10.055831909179688,2.22036459137081e-37,43.37010955810547,871.851806640625,10.0402193069458,13.122886657714844,0.0,0.0,True
164,0.45,0.55,0.0,-0.3131311237812042,0.6812901496887207,1.3051538467407227,767.1342163085938,1179.1094970703125,1.801396131515503,0.08103658465408616,12.853583335876465,2.105498197124689e-06,25.72353744506836,685.6278076171875,12.845726013183594,18.734130859375,0.0,0.0,True
165,0.5,0.0,0.5,0.2747158110141754,-0.4755750000476837,-0.08150027692317963,1015.8434448242188,700.56201171875,-0.12794947624206543,0.055534790596623994,11.249457359313965,5.578133102394999e-38,71.65171813964844,678.6114501953125,11.248218536376953,16.342422485351562,0.0,0.0,True
166,0.5,0.05,0.45,0.6662443280220032,-0.46159932017326355,0.6691876649856567,1173.37353515625,706.20263671875,1.013611078262329,0.07379793752010638,12.242948532104492,5.367450373050531e-10,39.65056228637695,695.920166015625,12.241068840026855,15.929458618164062,0.0,0.0,True
167,0.5,0.1,0.4,-0.48199984431266785,0.48843255639076233,-0.10949952155351639,697.97509765625,1103.6112060546875,-0.1718299388885498,0.061085475019544234,5.038368225097656,0.0,99.594482421875,692.2306518554688,5.040795803070068,12.032989501953125,0.0,0.0,True
168,0.5,0.15,0.35,-0.48373693227767944,0.4340081810951233,-3.3515703678131104,697.2763061523438,1081.6094970703125,-2.928946018218994,0.06750076186315669,13.42813491821289,0.0,78.76976013183594,690.3720703125,13.410170555114746,15.39813232421875,0.0,0.0,True
169,0.5,0.2,0.3,-0.03622300550341606,1.269619107246399,5.12459659576416,884.064697265625,1377.9598388671875,3.1044371128082275,0.10732363825726997,21.869441986083984,0.0,93.9306869506836,732.8073120117188,21.73668670654297,23.261001586914062,0.0,0.0,True
170,0.5,0.25,0.25,0.2728591859340668,-0.5503287315368652,-0.4968700408935547,1015.06689453125,670.7144165039062,-0.7648112773895264,0.07326205914157204,9.142000198364258,7.843067504826001e-41,51.29573059082031,687.623291015625,9.13638973236084,13.075576782226562,0.0,0.0,True
171,0.5,0.3,0.2,-0.2850455939769745,1.435742735862732,4.1124653816223145,778.8394775390625,1424.1849365234375,3.040409803390503,0.08691509846146925,12.560723304748535,0.0,50.712623596191406,763.1614990234375,12.542097091674805,16.333877563476562,0.0,0.0,True
172,0.5,0.35,0.15,0.030257700011134148,0.51055508852005,2.0305304527282715,912.3937377929688,1112.4744873046875,2.4125263690948486,0.10419086423113767,21.247806549072266,9.080852931588057e-13,36.31107711791992,655.015380859375,21.273555755615234,20.943313598632812,0.0,0.0,True
173,0.5,0.4,0.1,1.5237118005752563,-1.053790807723999,0.7013635635375977,1446.8397216796875,487.82086181640625,1.0586540699005127,0.11401473155981919,17.76368522644043,0.0,49.89339828491211,869.2788696289062,17.763261795043945,16.7742919921875,0.0,0.0,True
174,0.5,0.45,0.05,1.5852879285812378,-1.0794557332992554,1.0292677879333496,1461.9561767578125,479.48712158203125,1.487694501876831,0.09141570169552593,18.642547607421875,8.458352426668828e-14,33.4652099609375,880.1375732421875,18.638273239135742,17.159286499023438,0.0,0.0,True
175,0.5,0.5,0.0,-0.7542273998260498,1.1062413454055786,-0.48618391156196594,592.4921875,1328.0987548828125,-0.749000072479248,0.10991888563409505,22.340850830078125,3.681633870655787e-06,35.57034683227539,774.3985595703125,22.36166000366211,21.57806396484375,0.0,0.0,True
176,0.55,0.0,0.45,-0.0916954055428505,1.0712640285491943,-0.44678184390068054,860.4500122070312,1316.8642578125,-0.6903574466705322,0.09288774173643359,15.061161041259766,4.5854967822833714e-08,30.438920974731445,709.7904052734375,15.063713073730469,16.253662109375,0.0,0.0,True
177,0.55,0.05,0.4,-0.07297645509243011,1.1101340055465698,3.815866231918335,868.4138793945312,1329.3370361328125,3.006225824356079,0.08756404818920156,15.459317207336426,7.848151815925686e-12,45.219703674316406,713.87939453125,15.469170570373535,16.739242553710938,0.0,0.0,True
178,0.55,0.1,0.35,-0.5178150534629822,0.5818091630935669,1.0300049781799316,683.62744140625,1140.6815185546875,1.4885928630828857,0.06690710180770158,2.0292701721191406,5.748630633280175e-17,117.11548614501953,700.892822265625,2.028057813644409,8.403915405273438,0.0,0.0,True
179,0.55,0.15,0.3,0.542635977268219,0.9046925902366638,-1.912060260772705,1125.240234375,1260.7393798828125,-2.3326354026794434,0.1251280962657848,8.900425910949707,0.0,146.01776123046875,700.5103759765625,8.882530212402344,14.394119262695312,0.0,0.0,True
180,0.55,0.2,0.25,1.206556797027588,-0.48233550786972046,-0.3679979145526886,1359.2283935546875,697.8399658203125,-0.5716135501861572,0.08771171404723431,14.56103229522705,0.0,70.17906951904297,757.0277099609375,14.543758392333984,19.056732177734375,0.0,0.0,True
181,0.55,0.25,0.2,-0.33286768198013306,1.393117904663086,-3.787572145462036,758.9389038085938,1412.75537109375,-3.002427339553833,0.07295202774819219,8.5259370803833,3.344663604812747e-30,35.15997314453125,761.577880859375,8.518092155456543,12.861328125,0.0,0.0,True
182,0.55,0.3,0.15,-0.4240320324897766,0.6152661442756653,1.16170334815979,721.4522094726562,1153.7349853515625,1.6439459323883057,0.13216358510210868,6.410852909088135,0.0,77.11389923095703,692.3369140625,6.407538414001465,10.769912719726562,0.0,0.0,True
183,0.55,0.35,0.1,1.4518793821334839,-0.6099562048912048,-0.32937344908714294,1428.4346923828125,647.3281860351562,-0.5127513408660889,0.1599739226857701,23.582120895385742,0.00031325826421380043,64.33946228027344,801.7731323242188,23.586763381958008,18.28387451171875,1.0,0.0002500625269021839,False
184,0.55,0.4,0.05,-0.3605661392211914,1.3789284229278564,-0.0802636668086052,747.482666015625,1408.884521484375,-0.12601041793823242,0.07415044495225413,9.857226371765137,9.359045656520681e-12,32.44859313964844,762.1260375976562,9.839683532714844,14.54541015625,0.0,0.0,True
185,0.55,0.45,0.0,1.5478771924972534,-1.6367930173873901,-0.8808438777923584,1452.844482421875,324.8623046875,-1.3006010055541992,0.07113803346329056,7.297915458679199,5.166090431885095e-06,27.470468521118164,952.7479248046875,7.298620223999023,9.996627807617188,0.0,0.0,True
186,0.6,0.0,0.4,0.5660561323165894,-0.5797892212867737,0.558635950088501,1134.491943359375,659.1106567382812,0.8553729057312012,0.07442715006620179,12.285054206848145,3.5181125374039723e-11,42.053958892822266,703.1387329101562,12.271743774414062,16.271041870117188,0.0,0.0,True
187,0.6,0.05,0.35,-0.11702747642993927,1.2480847835540771,1.0450804233551025,849.683837890625,1371.636474609375,1.5068905353546143,0.09635881127656991,16.235294342041016,0.0,65.77644348144531,732.3245849609375,16.226186752319336,19.4080810546875,0.0,0.0,True
188,0.6,0.1,0.3,-0.17368388175964355,1.294091820716858,2.700852155685425,825.6675415039062,1385.0537109375,2.7462356090545654,0.08985941563358524,13.624228477478027,1.4460240313137497e-31,51.32831954956055,740.24560546875,13.629133224487305,16.1414794921875,0.0,0.0,True
189,0.6,0.15,0.25,0.6355070471763611,-1.0508787631988525,1.2535525560379028,1161.5694580078125,488.77301025390625,1.7461860179901123,0.12185341433520813,20.708131790161133,0.0,120.78924560546875,775.520751953125,20.742338180541992,21.150222778320312,0.0,0.0,True
190,0.6,0.2,0.2,0.28545552492141724,-0.5394437313079834,-0.34373003244400024,1020.331787109375,675.0252075195312,-0.5346755981445312,0.057767511644439495,8.555364608764648,5.178782888886636e-29,50.558685302734375,686.4732055664062,8.547882080078125,13.14068603515625,0.0,0.0,True
191,0.6,0.25,0.15,-0.6563600897789001,1.401309609413147,1.352903962135315,629.4097900390625,1414.9749755859375,1.8510515689849854,0.07607381480016306,7.544266223907471,5.798529309686273e-05,38.7324104309082,795.50537109375,7.536469459533691,13.865127563476562,0.0,0.0,True
192,0.6,0.3,0.09999999999999999,-0.6671709418296814,1.4314545392990112,-0.04289538785815239,625.2723388671875,1423.048583984375,-0.06736969947814941,0.07297723797977258,12.401968955993652,5.361989102341163e-21,42.368072509765625,800.3212890625,12.407000541687012,14.418746948242188,0.0,0.0,True
193,0.6,0.35,0.05,0.14215028285980225,-0.5943139791488647,-0.7953144311904907,959.9777221679688,653.4248657226562,-1.187341570854187,0.08358470669560802,14.124509811401367,7.1699224504635685e-19,41.8023681640625,692.758544921875,14.141837120056152,14.902633666992188,0.0,0.0,True
194,0.6,0.4,0.0,1.5796465873718262,2.529191255569458,3.84786319732666,1460.5965576171875,1625.9632568359375,3.0104000568389893,0.11125289445720073,9.195123672485352,3.997043762637986e-08,48.68305587768555,1006.302734375,9.209007263183594,13.546173095703125,0.0,0.0,True
195,0.65,0.0,0.35,-0.08291464298963547,1.1363862752914429,3.43879771232605,864.1848754882812,1337.6241455078125,2.9461557865142822,0.08038766931835391,10.187614440917969,8.438281246870576e-37,49.53082275390625,717.4012451171875,10.196285247802734,14.536712646484375,0.0,0.0,True
196,0.65,0.05,0.3,-0.43408963084220886,0.5256474018096924,1.704548716545105,717.357421875,1118.4932861328125,2.1747853755950928,0.042452690793527995,6.1993727684021,0.0,93.63728332519531,688.5662841796875,6.190962791442871,11.09423828125,0.0,0.0,True
197,0.65,0.1,0.25,0.5395809412002563,0.9146131277084351,1.6087327003479004,1124.0291748046875,1264.2005615234375,2.0937798023223877,0.08485814345716206,13.311734199523926,0.0,142.4999237060547,701.4469604492188,13.306049346923828,17.923110961914062,0.0,0.0,True
198,0.65,0.15,0.2,-0.6425367593765259,0.6615288257598877,-0.266527384519577,634.7208251953125,1171.570068359375,-0.4161992073059082,0.10061905069955146,4.427449703216553,4.6421892137178146e-17,117.41702270507812,720.860107421875,4.427812099456787,10.0601806640625,0.0,0.0,True
199,0.65,0.2,0.15,-0.6887836456298828,1.602687954902649,0.8864564299583435,617.0441284179688,1466.118408203125,1.3078978061676025,0.09124192939151904,11.780491828918457,1.2617398770702541e-27,79.85581970214844,822.9820556640625,11.78429126739502,16.41217041015625,0.0,0.0,True
200,0.65,0.25,0.1,-0.3349851369857788,1.418992519378662,0.4311210811138153,758.0612182617188,1419.7288818359375,0.6669056415557861,0.08049520217931935,12.627317428588867,1.6461958532443255e-11,42.126102447509766,764.7586059570312,12.640629768371582,17.9468994140625,0.0,0.0,True
201,0.65,0.3,0.05,-1.143342137336731,1.3496556282043457,-0.2903747260570526,459.19866943359375,1400.795166015625,-0.4529414176940918,0.12283736799504832,17.630203247070312,6.18970120299468e-17,71.67230224609375,853.6224365234375,17.6205997467041,19.024658203125,0.0,0.0,True
202,0.65,0.35,0.0,1.5576465129852295,2.476116895675659,-0.9530580043792725,1455.245361328125,1619.634521484375,-1.3931691646575928,0.08559878222654009,8.377245903015137,2.0061784766767232e-07,42.79961395263672,999.4068603515625,8.382226943969727,14.295867919921875,0.0,0.0,True
203,0.7,0.0,0.3,0.6408376097679138,0.9495293498039246,1.184788703918457,1163.6248779296875,1276.264892578125,1.6701195240020752,0.0762093408180561,11.101064682006836,0.0,156.08055114746094,713.0860595703125,11.075824737548828,16.923629760742188,0.0,0.0,True
204,0.7,0.05,0.25,-0.23066939413547516,1.3839797973632812,-0.19296154379844666,801.6303100585938,1410.2662353515625,-0.3021664619445801,0.09976152461431811,14.531803131103516,0.0,48.769508361816406,753.8741455078125,14.5177001953125,17.283905029296875,0.0,0.0,True
205,0.7,0.1,0.2,-0.6344591379165649,0.45901650190353394,-1.9438999891281128,637.8348999023438,1091.7529296875,-2.3548121452331543,0.06553585709088633,3.7186479568481445,0.0,114.7152328491211,709.6755981445312,3.7060487270355225,8.414093017578125,0.0,0.0,True
206,0.7,0.15,0.15,1.3905048370361328,-0.8986709713935852,-1.1325136423110962,1412.044921875,540.3684692382812,-1.610396146774292,0.08687590317043115,10.36623764038086,0.0,101.11769104003906,831.6989135742188,10.30062198638916,17.595489501953125,0.0,0.0,True
207,0.7,0.19999999999999998,0.09999999999999999,1.6368696689605713,2.6638481616973877,-0.5615724921226501,1474.155517578125,1640.787353515625,-0.8596420288085938,0.11643688979150833,9.126872062683105,4.054559125364729e-30,55.985252380371094,1023.0802612304688,9.145771980285645,12.392532348632812,0.0,0.0,True
208,0.7,0.25,0.05,-0.14343157410621643,1.2382137775421143,1.2056177854537964,838.4790649414062,1368.7127685546875,1.6934607028961182,0.0825664316378817,12.02707290649414,0.0,54.56555938720703,732.1181640625,12.026998519897461,19.926025390625,0.0,0.0,True
209,0.7,0.3,0.0,2.576312780380249,3.3833255767822266,0.5777985453605652,1631.3472900390625,1695.882080078125,0.8831689357757568,0.1886604879666196,27.188995361328125,9.279829542871518e-15,110.07832336425781,1146.9267578125,27.16802406311035,20.911407470703125,0.0,0.0,True
210,0.75,0.0,0.25,0.4441179931163788,0.2356257289648056,-1.0918241739273071,1085.7166748046875,999.4534301757812,-1.5627856254577637,0.02950393632573306,3.0856852531433105,6.80746088619344e-05,92.4589614868164,649.9087524414062,3.0494437217712402,9.119384765625,0.0,0.0,True
211,0.75,0.05,0.2,-0.4017138183116913,0.6325675845146179,-0.9782804250717163,730.5693359375,1160.4346923828125,-1.4248183965682983,0.05380605495745061,7.315168857574463,0.0,66.23140716552734,691.0585327148438,7.321409702301025,12.2640380859375,0.0,0.0,True
212,0.75,0.1,0.15,0.16938349604606628,-0.5179647207260132,-0.620685875415802,971.5132446289062,683.5677490234375,-0.9448308944702148,0.10454853251205927,14.213830947875977,0.0,70.90149688720703,683.090576171875,14.203438758850098,15.73675537109375,0.0,0.0,True
213,0.75,0.15,0.1,1.834998607635498,-0.6675122976303101,-0.35019803047180176,1517.194091796875,625.1419677734375,-0.5445361137390137,0.06976357977763124,7.768152236938477,3.807327927570528e-42,81.41034698486328,854.093994140625,7.770909786224365,12.135147094726562,0.0,0.0,True
214,0.75,0.2,0.05,2.7812893390655518,3.496764898300171,-1.8589701652526855,1652.3740234375,1701.7054443359375,-2.2944741249084473,0.14322828722148637,19.443561553955078,5.509411380444362e-07,125.30656433105469,1163.453369140625,19.464702606201172,19.094558715820312,0.0,0.0,True
215,0.75,0.25,0.0,-1.252228021621704,1.3779096603393555,-1.8173341751098633,426.14093017578125,1408.60546875,-2.2634921073913574,0.13565696053426374,17.611791610717773,4.1913240123448974e-23,94.98262786865234,872.2105712890625,17.596317291259766,19.263626098632812,0.0,0.0,True
216,0.8,0.0,0.2,0.6519303321838379,0.9534481763839722,0.21117548644542694,1167.8907470703125,1277.607421875,0.3304862976074219,0.04414016708539015,5.299915313720703,0.0,157.78785705566406,714.4650268554688,5.309717178344727,12.343978881835938,0.0,0.0,True
217,0.8,0.05,0.15,0.6634172797203064,0.9979527592658997,1.0643179416656494,1172.292724609375,1292.6898193359375,1.5300490856170654,0.052957968267140956,6.749876022338867,0.0,149.69561767578125,720.700927734375,6.771627902984619,13.357833862304688,0.0,0.0,True
218,0.8,0.1,0.1,2.3874435424804688,0.3748255670070648,-0.19960692524909973,1608.4080810546875,1057.3931884765625,-0.31250500679016113,0.10213912912544376,13.018370628356934,0.0,87.00755310058594,872.8328247070312,13.001696586608887,16.387733459472656,0.0,0.0,True
219,0.8,0.15,0.05,-1.336243748664856,1.4618338346481323,0.6375989317893982,401.95819091796875,1431.03515625,0.9689333438873291,0.09194562502510412,9.053118705749512,3.0067174878328773e-12,107.29560089111328,893.3010864257812,9.04298210144043,14.034561157226562,0.0,0.0,True
220,0.8,0.2,0.0,-0.9387456774711609,2.234328269958496,-5.1276631355285645,526.4415283203125,1586.97265625,-3.10455060005188,0.107423397836025,13.643771171569824,3.7752049593109405e-06,92.5650634765625,920.9398193359375,13.649053573608398,15.094619750976562,0.0,0.0,True
221,0.85,0.0,0.15,-0.6380215883255005,0.6491356492042542,-0.5211971998214722,636.4605102539062,1166.8173828125,-0.8006515502929688,0.04701972093885256,5.64047384262085,0.0,121.7270278930664,719.4992065429688,5.644579887390137,12.667495727539062,0.0,0.0,True
222,0.85,0.05,0.1,0.3088253438472748,2.828019618988037,0.11149393767118454,1030.0743408203125,1656.6611328125,0.17495322227478027,0.07887130684636727,8.643477439880371,0.0,232.58016967773438,900.2265625,8.628823280334473,14.186279296875,0.0,0.0,True
223,0.85,0.1,0.05,3.514054775238037,-1.1306891441345215,-0.05984620377421379,1702.539794921875,463.16485595703125,-0.0939779281616211,0.07086261407276645,5.224815845489502,0.0,124.03929138183594,1033.2529296875,5.222135543823242,11.187973022460938,0.0,0.0,True
224,0.85,0.15,0.0,1.11434805393219,-1.4377655982971191,0.0911736935377121,1330.6748046875,374.27984619140625,0.14311599731445312,0.11447962521327656,13.723626136779785,0.0,133.59156799316406,876.872802734375,13.741841316223145,17.58465576171875,0.0,0.0,True
225,0.9,0.0,0.1,0.1839444935321808,5.11971378326416,4.660102367401123,977.67041015625,1741.7005615234375,3.082677125930786,0.09639845956178304,10.7089262008667,0.0,329.70513916015625,957.5469970703125,10.724282264709473,16.24609375,0.0,0.0,True
226,0.9,0.05,0.05,0.45231127738952637,3.291861057281494,1.6384676694869995,1089.038818359375,1690.7154541015625,2.119483709335327,0.05991874697507049,6.673189163208008,0.0,209.765869140625,933.0038452148438,6.656911849975586,12.97308349609375,0.0,0.0,True
227,0.9,0.1,0.0,-0.5098166465759277,0.4523494839668274,0.266661673784256,686.8206787109375,1089.0543212890625,0.41640639305114746,0.05082129584896575,5.725861549377441,0.0,88.95858001708984,694.0479736328125,5.727531909942627,9.673019409179688,0.0,0.0,True
228,0.95,0.0,0.05,-2.024275779724121,1.7813806533813477,0.8187333345413208,246.0655517578125,1506.1326904296875,1.2187325954437256,0.05667976275404677,6.069470405578613,0.0,258.5521240234375,1013.01611328125,6.0711259841918945,11.4656982421875,0.0,0.0,True
229,0.95,0.05,0.0,-0.6435273289680481,1.4697139263153076,-2.1647109985351562,634.3394775390625,1433.0823974609375,-2.49464750289917,0.05385879167011667,5.7807936668396,1.315256783523656e-35,55.775909423828125,801.9781494140625,5.786589622497559,10.9141845703125,0.0,0.0,True
230,1.0,0.0,0.0,0.33839651942253113,4.994822025299072,-2.987781047821045,1042.3521728515625,1740.3623046875,-2.8401196002960205,0.02033333446440897,2.0733044147491455,0.0,277.4815979003906,963.2901611328125,2.0712523460388184,8.174072265625,0.0,0.0,True
