run_id,preference_id,start_id,best_step,weight_dem,weight_road,weight_demand,raw_x,raw_y,raw_theta,x,y,theta,scalar,dem_soft,obstacle_soft,road_distance,demand_distance,dem_hard_var,dem_hard_range,obstacle_hard_count,obstacle_hard_ratio,is_feasible
107,1,7,40,0.0,0.1,0.9,-2.6944639682769775,-2.709010362625122,0.5395228266716003,155.0762939453125,153.61529541015625,0.8275043964385986,1.6439210995767408,4.239814281463623,1.2510494608802092e-22,31.16796112060547,1239.6480712890625,4.2359514236450195,10.11956787109375,0.0,0.0,True
160,1,60,3,0.0,0.1,0.9,0.19940021634101868,-0.39508089423179626,-0.49959057569503784,984.1969604492188,733.2867431640625,-0.7688302993774414,0.0771536648192975,11.648324012756348,3.244433173676953e-05,63.948463439941406,669.144287109375,11.662528991699219,15.080955505371094,0.0,0.0,True
321,3,21,40,0.0,0.3,0.7,0.06393949687480927,0.8945574760437012,-0.9310166239738464,926.7395629882812,1257.1884765625,-1.3652199506759644,0.09401492716560937,23.81075096130371,6.188391807881999e-07,27.38812255859375,686.1820678710938,23.807025909423828,22.985107421875,0.0,0.0,True
386,3,86,5,0.0,0.3,0.7,-2.1408040523529053,-2.4148988723754883,-1.3232885599136353,226.4893798828125,187.02639770507812,-1.8204169273376465,1.1578164693313595,7.722801208496094,0.00015246232214849442,0.41386348009109497,1176.0928955078125,7.726241111755371,11.72259521484375,0.0,0.0,True
398,3,98,4,0.0,0.3,0.7,0.3417854905128479,-0.5084847211837769,0.1559809446334839,1043.75537109375,687.35302734375,0.24451875686645508,0.08917391213053001,8.850484848022461,1.1409990730015807e-09,42.48030090332031,683.94921875,8.801136016845703,14.394248962402344,0.0,0.0,True
426,4,26,40,0.0,0.4,0.6,-2.1625025272369385,-2.2836525440216064,-0.43760913610458374,223.0374298095703,204.8269805908203,-0.676630973815918,0.9635393087680516,11.896841049194336,5.15173644151742e-17,14.344675064086914,1167.477294921875,11.887858390808105,13.946258544921875,0.0,0.0,True
508,5,8,17,0.0,0.5,0.5,-0.1361517459154129,-0.5914409160614014,4.269035339355469,841.5662841796875,654.5476684570312,3.0548713207244873,0.09352579841708036,30.562158584594727,1.2994958407952506e-11,20.666093826293945,703.46044921875,30.56927490234375,23.281723022460938,0.0,0.0,True
679,6,79,5,0.0,0.6,0.4,-0.29203274846076965,0.5104123950004578,1.1977860927581787,775.9228515625,1112.4173583984375,1.6847150325775146,0.14421114366924648,15.263338088989258,1.6438103597944062e-30,42.07166290283203,673.8236694335938,15.266863822937012,18.508209228515625,0.0,0.0,True
716,7,16,5,0.0,0.7,0.3,-2.2888901233673096,-2.3264381885528564,-1.5647743940353394,204.07920837402344,198.81118774414062,-2.0548365116119385,0.4954692855787265,4.787383556365967,2.9131766443590834e-11,23.85228157043457,1182.41162109375,4.799968242645264,11.188796997070312,0.0,0.0,True
828,8,28,3,0.0,0.8,0.2,0.4348606765270233,0.24868445098400116,1.3818410634994507,1081.9561767578125,1004.9378051757812,1.8804728984832764,0.4646180785536805,5.983188152313232,0.00011965562589466572,99.04146575927734,649.729248046875,5.992673873901367,9.572921752929688,0.0,0.0,True
829,8,29,13,0.0,0.8,0.2,1.996567726135254,-0.7547834515571594,-1.456291675567627,1548.0145263671875,592.2860107421875,-1.9538497924804688,0.1677427704588988,3.0919029712677,9.987747944251169e-06,36.48398971557617,882.4644775390625,3.105468511581421,9.963775634765625,0.0,0.0,True
947,9,47,7,0.0,0.9,0.1,-0.15623237192630768,-0.5837728381156921,-0.1981377899646759,833.0543212890625,657.5489501953125,-0.31021976470947266,0.1036972980198689,42.06150436401367,1.048332796926843e-05,19.964303970336914,703.9740600585938,42.05264663696289,25.97479248046875,0.0,0.0,True
958,9,58,37,0.0,0.9,0.1,0.059934232383966446,0.3575567603111267,-0.35612818598747253,925.0342407226562,1050.2752685546875,-0.5535666942596436,0.1796248962274989,20.508407592773438,2.0381248759804294e-05,34.53903579711914,647.0650024414062,20.520404815673828,20.342613220214844,0.0,0.0,True
983,9,83,40,0.0,0.9,0.1,1.9933542013168335,-1.408860683441162,-1.7533401250839233,1547.4371337890625,381.98870849609375,-2.2140285968780518,0.2139115998840366,2.226396083831787,3.7042590252490644e-28,41.60388946533203,971.292236328125,2.232649564743042,8.359222412109375,0.0,0.0,True
1034,10,34,34,0.0,1.0,0.0,0.41254839301109314,0.2859821021556854,-0.06615030020475388,1072.8619384765625,1020.5516357421875,-0.10387086868286133,0.6687995640270199,9.422139167785645,1.529784979248383e-12,117.0679702758789,649.6077880859375,9.400256156921387,13.83056640625,0.0,0.0,True
1063,10,63,27,0.0,1.0,0.0,-1.6201750040054321,0.35464537143707275,-0.9397938847541809,328.74688720703125,1049.072998046875,-1.3763822317123413,0.18696755655344321,5.303466796875,3.3853802960948087e-07,32.72123718261719,851.6136474609375,5.299076557159424,10.066482543945312,0.0,0.0,True
1110,11,10,6,0.1,0.0,0.9,-2.116739273071289,-2.3304264545440674,1.6459248065948486,230.3875732421875,198.2611083984375,2.125849962234497,1.4440599710558302,12.982279777526855,1.1956760581632864e-10,4.749512672424316,1167.0234375,12.988493919372559,16.463134765625,0.0,0.0,True
1129,11,29,11,0.1,0.0,0.9,0.3545609712600708,0.2920992970466614,-0.1651502400636673,1049.0380859375,1023.1049194335938,-0.25882911682128906,0.014171699177916405,12.913515090942383,2.6448271741100204e-14,129.90521240234375,647.4371337890625,12.89354419708252,15.434791564941406,0.0,0.0,True
1160,11,60,40,0.1,0.0,0.9,-0.010186299681663513,0.5125261545181274,1.4337869882583618,895.158935546875,1113.26171875,1.932020902633667,0.03887685752489982,22.715736389160156,1.211439325743413e-06,30.774085998535156,656.370361328125,22.72134780883789,22.436683654785156,0.0,0.0,True
1338,13,38,10,0.1,0.2,0.7,-0.2913408875465393,0.5611550211906433,1.3298391103744507,776.2115478515625,1132.5606689453125,1.8272387981414795,0.07285279907076991,10.182861328125,5.1340173177279814e-20,33.95463943481445,676.3240966796875,10.170777320861816,13.356735229492188,0.0,0.0,True
1343,13,43,17,0.1,0.2,0.7,0.49138975143432617,0.199880912899971,-2.1664819717407227,1104.798583984375,984.3997802734375,-2.4956746101379395,0.08195668561732557,0.14855702221393585,1.390002216794528e-05,70.51274108886719,651.814208984375,0.14894551038742065,1.7665939331054688,0.0,0.0,True
1627,16,27,33,0.1,0.5,0.4,-0.12438327074050903,1.1188682317733765,2.022941827774048,846.5604858398438,1332.1064453125,2.4076216220855713,0.09949500452392568,6.7700982093811035,4.299208473896926e-15,34.83159637451172,716.786865234375,6.777828216552734,11.948654174804688,0.0,0.0,True
1819,18,19,11,0.1,0.7,0.2,1.9685921669006348,-0.7355226278305054,1.5621346235275269,1542.940673828125,599.4525146484375,2.052462339401245,0.18101553693497505,1.573062539100647,9.759223083847125e-24,45.26472854614258,877.0982666015625,1.5734957456588745,6.0148162841796875,0.0,0.0,True
1912,19,12,12,0.1,0.8,0.1,-0.3179108500480652,1.3704928159713745,0.11735212057828903,765.147216796875,1406.5677490234375,0.18412518501281738,0.14622861787427519,8.51369857788086,0.0001010232008411549,29.78476333618164,757.8131103515625,8.500303268432617,13.697723388671875,0.0,0.0,True
1916,19,16,11,0.1,0.8,0.1,0.06112997978925705,-0.566260576248169,-0.274456262588501,925.5433349609375,664.4275512695312,-0.42842888832092285,0.10521538973866595,9.995853424072266,8.632251535800606e-08,23.019493103027344,690.5160522460938,9.97864818572998,15.58306884765625,0.0,0.0,True
2280,22,80,40,0.2,0.1,0.7,-0.3303819000720978,0.5397695899009705,1.2200086116790771,759.9696044921875,1124.10400390625,1.709435224533081,0.07803585608456325,9.475765228271484,0.0,52.20819091796875,678.74560546875,9.479632377624512,13.56060791015625,0.0,0.0,True
2447,24,47,13,0.2,0.3,0.5,-1.58600652217865,0.324789434671402,-1.0477157831192017,336.87091064453125,1036.7098388671875,-1.5100758075714111,0.3124246566785096,3.502681016921997,6.806842416107184e-13,43.76873779296875,846.6369018554688,3.492821455001831,7.673927307128906,0.0,0.0,True
2532,25,32,32,0.2,0.4,0.4,-0.049254294484853745,0.5918012261390686,1.6707582473754883,878.5137329101562,1144.5931396484375,2.1468193531036377,0.06352498454739461,16.819381713867188,8.965036499830603e-07,27.75960922241211,662.6668090820312,16.819995880126953,21.23662567138672,0.0,0.0,True
2541,25,41,31,0.2,0.4,0.4,0.04563462361693382,-0.551587700843811,2.5960657596588135,918.9444580078125,670.216552734375,2.705590009689331,0.05726963363716346,14.292814254760742,2.9375994642351713e-16,24.951576232910156,689.11083984375,14.288324356079102,17.971206665039062,0.0,0.0,True
2562,25,62,6,0.2,0.4,0.4,-2.1797869205474854,-2.287874221801758,3.0884926319122314,220.32992553710938,204.22401428222656,2.8677432537078857,0.6459811386894626,11.695168495178223,1.2097399121557828e-05,16.045181274414062,1169.44921875,11.687853813171387,13.410308837890625,0.0,0.0,True
2570,25,70,20,0.2,0.4,0.4,-0.04466482251882553,0.5841448903083801,-0.6478378176689148,880.4686279296875,1141.596923828125,-0.9834635257720947,0.06459589926815133,16.4068660736084,4.953758889314486e-06,28.05069923400879,661.986328125,16.470783233642578,21.014862060546875,0.0,0.0,True
2728,27,28,20,0.2,0.6,0.2,5.118226528167725,1.3937288522720337,0.09329846501350403,1741.685791015625,1412.92138671875,0.14644694328308105,0.2593815036074934,4.262374401092529,1.7303107982810817e-17,31.33585548400879,1066.4254150390625,4.2443108558654785,10.10296630859375,0.0,0.0,True
2802,28,2,23,0.19999999999999998,0.7,0.09999999999999999,0.48449793457984924,0.1989404559135437,0.411283403635025,1102.02978515625,984.0029907226562,0.6370871067047119,0.2854629486681117,0.1572750359773636,4.3891779100135864e-10,71.38282775878906,651.4066162109375,0.15769359469413757,1.8392791748046875,0.0,0.0,True
2833,28,33,0,0.19999999999999998,0.7,0.09999999999999999,-0.21668800711631775,1.2613296508789062,1.9910902976989746,807.5147094726562,1375.53466796875,2.386720895767212,0.12393833291266147,6.728771209716797,6.170622782519786e-06,30.837705612182617,738.4339599609375,6.719152927398682,11.551666259765625,0.0,0.0,True
2893,28,93,3,0.19999999999999998,0.7,0.09999999999999999,-0.28377291560173035,1.350386142730713,2.3941824436187744,779.3710327148438,1400.998779296875,2.6162097454071045,0.11561661982076818,8.690032005310059,7.719679756545972e-11,28.91107940673828,753.0672607421875,8.696293830871582,13.791900634765625,0.0,0.0,True
2895,28,95,3,0.19999999999999998,0.7,0.09999999999999999,-1.6201313734054565,0.35441428422927856,-1.2128666639328003,328.7572021484375,1048.9775390625,-1.7015228271484375,0.13113661660955953,4.454090118408203,1.636990305087238e-06,32.751075744628906,851.6054077148438,4.457929611206055,8.539535522460938,0.0,0.0,True
2914,29,14,20,0.2,0.8,0.0,-0.03863603621721268,0.5735809206962585,1.6434972286224365,883.0368041992188,1137.4517822265625,2.1237809658050537,0.13285354810320785,16.65521240234375,2.630045491969213e-05,28.49321746826172,661.0743408203125,16.642030715942383,21.4940185546875,0.0,0.0,True
3035,30,35,20,0.3,0.0,0.7,-0.13011015951633453,1.153313398361206,1.8576796054840088,844.1297607421875,1342.90869140625,2.293527841567993,0.16890631321657076,5.465836524963379,2.4530309785165577e-33,42.234622955322266,721.2000122070312,5.464291095733643,10.36810302734375,0.0,0.0,True
3135,31,35,19,0.3,0.1,0.6,0.29787710309028625,-0.49997004866600037,-0.4256286919116974,1025.514404296875,690.7604370117188,-0.6586623191833496,0.0726619168975335,7.448042869567871,1.8767776237566283e-25,57.884002685546875,681.892822265625,7.442608833312988,11.666015625,0.0,0.0,True
3154,31,54,24,0.3,0.1,0.6,0.5731557011604309,-0.8262639045715332,0.4119342863559723,1137.2847900390625,566.1292114257812,0.6380674839019775,0.17502309370052002,4.773672103881836,7.371497634522939e-09,46.676578521728516,737.6857299804688,4.767521858215332,10.324539184570312,0.0,0.0,True
3160,31,60,22,0.3,0.1,0.6,0.37135639786720276,0.301935613155365,0.07033092528581619,1055.965087890625,1027.2056884765625,0.11043024063110352,0.07456228904980941,12.341022491455078,1.6863433934845296e-13,130.51527404785156,648.3363037109375,12.351223945617676,13.614944458007812,0.0,0.0,True
3285,32,85,1,0.3,0.2,0.5,0.5988839268684387,-0.5333356857299805,0.4130101203918457,1147.359130859375,677.4496459960938,0.6396872997283936,0.08979872207739312,8.815637588500977,2.3883305402705446e-05,38.3881950378418,699.4605102539062,8.818184852600098,13.464157104492188,0.0,0.0,True
3416,34,16,4,0.3,0.4,0.3,-1.5801899433135986,0.3283085823059082,1.1720476150512695,338.2723388671875,1038.1702880859375,1.6557133197784424,0.1867197539508094,3.363830327987671,9.640268583410716e-10,44.733272552490234,845.8355102539062,3.364539384841919,7.874076843261719,0.0,0.0,True
3494,34,94,38,0.3,0.4,0.3,-2.0940985679626465,-2.322366714477539,2.207763910293579,234.12295532226562,199.37460327148438,2.5192086696624756,0.4787183386029862,15.160999298095703,8.823942687641306e-10,1.9911160469055176,1164.15087890625,15.168777465820312,15.306900024414062,0.0,0.0,True
3616,36,16,28,0.3,0.6,0.09999999999999999,0.47777605056762695,0.19961445033550262,-2.072129249572754,1099.32470703125,984.2874145507812,-2.438910484313965,0.24966210442911282,0.1775471419095993,1.2985502673146243e-09,72.83552551269531,651.0411987304688,0.17751386761665344,2.2901153564453125,0.0,0.0,True
3730,37,30,36,0.3,0.7,0.0,2.0324907302856445,-1.464903712272644,-2.274171829223633,1554.373046875,367.16607666015625,-2.555467367172241,0.10171286986378622,6.3377180099487305,5.749201591243036e-06,25.290546417236328,982.96142578125,6.319958209991455,10.546218872070312,0.0,0.0,True
3753,37,53,40,0.3,0.7,0.0,-2.101520538330078,-2.376744270324707,1.8469098806381226,232.89112854003906,192.00352478027344,2.285595655441284,0.04592110318047943,15.607937812805176,7.086394309585525e-23,1.5157511234283447,1169.305419921875,15.61385440826416,16.930755615234375,0.0,0.0,True
3772,37,72,2,0.3,0.7,0.0,1.871260643005371,-1.814339280128479,0.17291037738323212,1524.4354248046875,286.0174865722656,0.2709321975708008,0.1434245846312383,1.632988691329956,4.08649266633648e-15,35.86473846435547,1011.932861328125,1.6301077604293823,6.30908203125,0.0,0.0,True
3875,38,75,1,0.4,0.0,0.6,0.32525408267974854,-0.4916975200176239,0.05397730693221092,1036.9027099609375,694.0778198242188,0.08476710319519043,0.07195903018100326,7.45194673538208,4.037920409009129e-15,52.08146286010742,681.5097045898438,7.4681315422058105,14.034095764160156,0.0,0.0,True
3940,39,40,34,0.4,0.1,0.5,-0.027895335108041763,0.5573270320892334,1.5726020336151123,887.6127319335938,1131.050537109375,2.061854124069214,0.07061170534434988,17.99967384338379,1.0635294422911556e-08,29.722070693969727,659.65087890625,17.967287063598633,22.178627014160156,0.0,0.0,True
3987,39,87,24,0.4,0.1,0.5,-0.4309680759906769,1.100837230682373,2.1490848064422607,718.6273803710938,1326.375732421875,2.485522508621216,0.1521355711373078,37.00519943237305,6.968447269173339e-05,17.98831558227539,736.6727294921875,37.02576446533203,23.63751220703125,0.0,0.0,True
4037,40,37,4,0.4,0.2,0.4,-0.3192621171474457,0.6229045391082764,1.3595504760742188,764.585693359375,1156.6971435546875,1.8578541278839111,0.04903020823914931,9.161296844482422,5.958238203123136e-35,35.66532897949219,682.3743286132812,9.169057846069336,12.47021484375,0.0,0.0,True
4046,40,46,7,0.4,0.2,0.4,0.5780487060546875,-0.8635448217391968,-0.9038342237472534,1139.206298828125,552.7708740234375,-1.3303816318511963,0.1237682935700593,4.280189514160156,1.3244863613802362e-15,57.683570861816406,743.4797973632812,4.276107311248779,9.303329467773438,0.0,0.0,True
4071,40,71,3,0.4,0.2,0.4,-2.1853175163269043,-2.173858404159546,-0.9194416999816895,219.47142028808594,221.25439453125,-1.3504347801208496,0.6331869024268433,6.444840908050537,1.4374811063699866e-10,24.883142471313477,1159.977783203125,6.435328483581543,14.300933837890625,0.0,0.0,True
4240,42,40,6,0.4,0.4,0.2,-2.014280080795288,-2.385580062866211,-0.09096197783946991,247.82843017578125,190.83682250976562,-0.14278411865234375,0.31737835351071986,18.87745475769043,1.745115857376689e-10,14.085919380187988,1161.26123046875,18.830795288085938,17.078048706054688,0.0,0.0,True
4253,42,53,39,0.4,0.4,0.2,-0.015532144345343113,0.5415985584259033,1.5737040042877197,892.8809204101562,1124.8291015625,2.0628392696380615,0.07657967580649486,19.52126693725586,3.844758780552522e-14,31.651201248168945,658.248046875,19.516502380371094,22.409934997558594,0.0,0.0,True
4280,42,80,2,0.4,0.4,0.2,-0.3061586320400238,0.6401461362838745,-0.738750696182251,770.0355834960938,1163.3583984375,-1.1103808879852295,0.06982350320406847,11.054006576538086,5.3109517466509715e-05,28.23100471496582,682.2659912109375,10.983463287353516,15.018447875976562,0.0,0.0,True
4384,43,84,38,0.4,0.5,0.1,-1.6222443580627441,0.3569607138633728,1.0508320331573486,328.26080322265625,1050.0291748046875,1.5138370990753174,0.09216527497330117,4.6204352378845215,5.875212536921026e-06,32.05989456176758,851.9219970703125,4.625894069671631,8.492622375488281,0.0,0.0,True
4518,45,18,16,0.5,0.0,0.5,0.11219841986894608,0.35319948196411133,-2.9616825580596924,947.2649536132812,1048.4755859375,-2.8325400352478027,0.08920932793359625,18.192598342895508,7.523927913872749e-16,53.69969177246094,646.1106567382812,18.16460418701172,18.73870086669922,0.0,0.0,True
4544,45,44,28,0.5,0.0,0.5,0.46302345395088196,0.23795969784259796,1.4323174953460693,1093.373046875,1000.4342651367188,1.9305851459503174,0.014083194480465482,2.8719632625579834,2.1921362503007913e-09,89.94859313964844,650.935791015625,2.8718247413635254,7.2899627685546875,0.0,0.0,True
4613,46,13,40,0.5,0.1,0.4,0.3044603168964386,-0.5167914628982544,-0.28421688079833984,1028.2572021484375,684.0357055664062,-0.4434654712677002,0.05108515621398261,8.136405944824219,5.725376376340058e-23,51.215667724609375,684.054443359375,8.137994766235352,12.900520324707031,0.0,0.0,True
4645,46,45,40,0.5,0.1,0.4,-1.6104072332382202,0.36129721999168396,1.2659748792648315,331.050537109375,1051.81884765625,1.7596242427825928,0.25444428457756846,4.939918518066406,1.9187144317811544e-08,34.5561637878418,850.3182373046875,4.946700572967529,9.987762451171875,0.0,0.0,True
4677,46,77,31,0.5,0.1,0.4,0.04650043696165085,0.3683793544769287,2.7189769744873047,919.3132934570312,1054.73876953125,2.752897024154663,0.07887443530308537,16.084959030151367,1.3940140153323455e-09,32.17766189575195,647.7840576171875,16.074235916137695,18.689407348632812,0.0,0.0,True
4683,46,83,40,0.5,0.1,0.4,-0.42791345715522766,1.1005343198776245,-0.07229243963956833,719.8709106445312,1326.279052734375,-0.11350750923156738,0.21396468937051424,42.28071594238281,6.636731995968148e-05,19.218463897705078,736.34130859375,42.28424072265625,26.0792236328125,0.0,0.0,True
4727,47,27,40,0.5,0.2,0.3,0.5571835041046143,-0.8924732208251953,1.1700996160507202,1130.993896484375,542.5436401367188,1.6535022258758545,0.09562534402152746,4.005716800689697,6.075468377275683e-07,59.53105926513672,746.4649658203125,4.007094383239746,9.714981079101562,0.0,0.0,True
4879,48,79,40,0.5,0.3,0.2,0.03322773054242134,-0.5501716136932373,-0.03188847377896309,913.6591796875,670.7764892578125,-0.05008649826049805,0.059837578162727424,12.202771186828613,4.8495547855242904e-12,24.368249893188477,689.2890014648438,12.216233253479004,15.433181762695312,0.0,0.0,True
4882,48,82,8,0.5,0.3,0.2,0.4529164433479309,0.246783047914505,-1.0279250144958496,1089.283935546875,1004.1398315429688,-1.4860576391220093,0.16295802459376826,4.525938987731934,2.390143549850802e-19,95.08162689208984,650.5947265625,4.527763366699219,9.991020202636719,0.0,0.0,True
5151,51,51,7,0.6,0.0,0.4,0.31790393590927124,-0.465391606092453,-0.1888110339641571,1033.849853515625,704.6702880859375,-0.29570579528808594,0.043992151996504816,7.279869556427002,5.116584489428533e-09,61.680641174316406,678.2548217773438,7.274654865264893,13.132484436035156,0.0,0.0,True
5156,51,56,12,0.6,0.0,0.4,0.4757154881954193,0.20565009117126465,0.5054410099983215,1098.4947509765625,986.8333129882812,0.7774631977081299,0.010684082747923733,0.23279671370983124,3.8329486806709667e-10,75.48570251464844,651.022705078125,0.23581983149051666,2.9780044555664062,0.0,0.0,True
5173,51,73,22,0.6,0.0,0.4,1.2036848068237305,2.4425597190856934,-2.247302532196045,1358.35986328125,1615.48388671875,-2.5410308837890625,0.388860936047288,64.94292449951172,6.715546624036506e-05,15.241684913635254,953.50830078125,64.90453338623047,34.570892333984375,0.0,0.0,True
5257,52,57,38,0.6,0.1,0.3,-0.38214781880378723,0.5863657593727112,1.4102152585983276,738.5953369140625,1142.4666748046875,1.9088308811187744,0.040366202312305796,6.752026557922363,0.0,64.99018096923828,686.291748046875,6.749669551849365,11.142059326171875,0.0,0.0,True
5362,53,62,2,0.6,0.2,0.2,-2.196467638015747,-2.2118873596191406,-0.9413900375366211,217.75210571289062,215.39952087402344,-1.3784074783325195,0.3193085403984755,5.827348232269287,8.074218526585501e-19,23.80147933959961,1164.41748046875,5.8230671882629395,12.478866577148438,0.0,0.0,True
5528,55,28,25,0.6,0.4,0.0,0.05168528109788895,-0.5655973553657532,2.31557035446167,921.5216064453125,664.6887817382812,2.577101469039917,0.07397142617501187,12.062780380249023,2.990084612974897e-05,20.948707580566406,690.666015625,12.059112548828125,16.840057373046875,0.0,0.0,True
5529,55,29,40,0.6,0.4,0.0,-1.5911363363265991,0.3511311411857605,-0.8102018237113953,335.639404296875,1047.6209716796875,-1.2073299884796143,0.09848616777941094,4.948843002319336,7.616428774781525e-05,39.765037536621094,847.5294799804688,4.9477081298828125,10.21441650390625,0.0,0.0,True
5590,55,90,40,0.6,0.4,0.0,-2.208200216293335,-2.3212690353393555,-1.1768285036087036,215.9594268798828,199.52684020996094,-1.6611301898956299,0.03622806087560362,6.003377437591553,1.306076422144184e-13,15.853574752807617,1174.849853515625,6.006265640258789,10.783706665039062,0.0,0.0,True
5654,56,54,20,0.7,0.0,0.3,0.4579695463180542,0.23615458607673645,2.2896018028259277,1091.3294677734375,999.67578125,2.5636165142059326,0.020690610350538454,2.3373329639434814,4.644707587431185e-05,90.17329406738281,650.630615234375,2.338860511779785,9.01092529296875,0.0,0.0,True
5700,57,0,10,0.7,0.1,0.2,-1.5817862749099731,0.34475117921829224,-1.0429472923278809,337.88720703125,1044.982666015625,-1.5043095350265503,0.12468853426207592,3.573167085647583,7.836473514544195e-08,42.560176849365234,846.1640625,3.569622755050659,8.12872314453125,0.0,0.0,True
5924,59,24,20,0.7,0.3,0.0,0.25866615772247314,0.32868021726608276,1.8895139694213867,1009.1239624023438,1038.324462890625,2.3166115283966064,0.1916294032063646,27.782264709472656,9.184066129819257e-07,111.75701904296875,645.958251953125,27.7368106842041,22.996109008789062,0.0,0.0,True
5932,59,32,3,0.7,0.3,0.0,-2.3025670051574707,-2.3768653869628906,0.41067221760749817,202.14157104492188,191.9874725341797,0.6361668109893799,0.03650286670810391,5.31720495223999,5.606358082550116e-16,20.47038459777832,1187.64599609375,5.316501617431641,10.029632568359375,0.0,0.0,True
5946,59,46,40,0.7,0.3,0.0,-0.11978910118341446,1.1350239515304565,1.7381640672683716,848.510986328125,1337.19677734375,2.201965570449829,0.06874647646713442,5.779379844665527,2.1579096745171639e-13,40.11172103881836,718.5587158203125,5.775185585021973,11.409515380859375,0.0,0.0,True
5959,59,59,25,0.7,0.3,0.0,0.623119056224823,-0.5301157832145691,-2.2336032390594482,1156.7802734375,678.729248046875,-2.533548593521118,0.07597660552935126,8.65739631652832,3.823097524765465e-21,44.33030700683594,700.7632446289062,8.657443046569824,12.396469116210938,0.0,0.0,True
5997,59,97,40,0.7,0.3,0.0,1.8198519945144653,-1.8378055095672607,-0.14750733971595764,1514.1123046875,281.23858642578125,-0.23128461837768555,0.06665974759581464,2.436748743057251,9.494892649897224e-10,38.89411544799805,1009.3756103515625,2.43660306930542,6.6944427490234375,0.0,0.0,True
6268,62,68,38,0.8,0.2,0.0,-2.367654800415039,-2.349940538406372,0.34047091007232666,193.2126922607422,195.59552001953125,0.5297031402587891,0.03356788812892851,4.249575614929199,0.0,29.37894058227539,1190.89990234375,4.251534461975098,9.66290283203125,0.0,0.0,True
6287,62,87,40,0.8,0.2,0.0,-2.747184991836548,-2.918733596801758,0.652140200138092,149.8685760498047,134.508544921875,0.9895551204681396,0.04057002109224413,3.9503660202026367,3.5810901977129106e-07,35.47593307495117,1254.702880859375,3.94940447807312,8.984939575195312,0.0,0.0,True
6288,62,88,13,0.8,0.2,0.0,1.9860447645187378,-0.7557954788208008,-1.532292127609253,1546.1185302734375,591.9108276367188,-2.0253310203552246,0.042626238302086,3.303776741027832,1.3334638298070911e-12,37.3068962097168,881.486083984375,3.322237253189087,10.372756958007812,0.0,0.0,True
6316,63,16,34,0.9,0.0,0.1,-0.348473459482193,1.3734853267669678,-3.952073097229004,752.4776000976562,1407.3909912109375,-3.0231385231018066,0.07214220680364034,8.17337417602539,5.509790757321498e-13,30.29014778137207,760.5108032226562,8.168533325195312,12.014541625976562,0.0,0.0,True
6350,63,50,39,0.9,0.0,0.1,-2.098184108734131,-2.3759052753448486,4.094757080078125,233.44398498535156,192.11476135253906,3.0386316776275635,0.16102969592416033,15.36387825012207,9.688411850561351e-09,1.8335161209106445,1168.9124755859375,15.382124900817871,16.1077880859375,0.0,0.0,True
6385,63,85,28,0.9,0.0,0.1,0.47152966260910034,0.2171623855829239,-1.8246115446090698,1096.80712890625,991.6849975585938,-2.268975019454956,0.004092523512568468,0.46080097556114197,2.526823550397239e-07,80.58313751220703,650.9898681640625,0.4589005410671234,4.2962646484375,0.0,0.0,True
6477,64,77,26,0.9,0.1,0.0,0.06875070929527283,-0.5724416375160217,-0.27896738052368164,928.7876586914062,661.9959106445312,-0.4353811740875244,0.08069659716202165,8.927156448364258,1.9011386029887944e-05,23.526039123535156,691.1109008789062,8.904976844787598,14.294158935546875,0.0,0.0,True
6526,65,26,11,1.0,0.0,0.0,0.16538208723068237,-0.3583645820617676,0.17916715145111084,969.8198852539062,748.3912353515625,0.2806847095489502,0.13693864594166585,13.946115493774414,1.6614461628705612e-06,43.636627197265625,665.5948486328125,13.939116477966309,16.781814575195312,0.0,0.0,True
6561,65,61,7,1.0,0.0,0.0,2.2639293670654297,-1.3332692384719849,0.10073571652173996,1591.328369140625,402.79461669921875,0.15810155868530273,0.013685469448335544,1.3954496383666992,0.0,48.36978530883789,987.0853271484375,1.3959215879440308,5.7610626220703125,0.0,0.0,True
