preference_id,weight_index,seed,starts_per_weight,max_steps,learning_rate,weight_dem,weight_road,weight_demand,best_scalar
0,0,123,100,40,0.05,0.0,0.0,1.0,0.023181810975074768
1,1,124,100,40,0.05,0.0,0.1,0.9,0.02522207796573639
2,2,125,100,40,0.05,0.0,0.2,0.8,0.03874820098280907
3,3,126,100,40,0.05,0.0,0.3,0.7,0.06080389767885208
4,4,127,100,40,0.05,0.0,0.4,0.6,0.07791648060083389
5,5,128,100,40,0.05,0.0,0.5,0.5,0.08524452149868011
6,6,129,100,40,0.05,0.0,0.6,0.4,0.08967261016368866
7,7,130,100,40,0.05,0.0,0.7,0.3,0.15900392830371857
8,8,131,100,40,0.05,0.0,0.8,0.2,0.16575779020786285
9,9,132,100,40,0.05,0.0,0.9,0.1,0.10369729995727539
10,10,133,100,40,0.05,0.0,1.0,0.0,0.15171408653259277
11,11,134,100,40,0.05,0.1,0.0,0.9,0.014171727932989597
12,12,135,100,40,0.05,0.1,0.1,0.8,0.06509824842214584
13,13,136,100,40,0.05,0.1,0.2,0.7,0.03732387721538544
14,14,137,100,40,0.05,0.1,0.3,0.6,0.07592974603176117
15,15,138,100,40,0.05,0.1,0.4,0.5,0.0727669820189476
16,16,139,100,40,0.05,0.1,0.5,0.4,0.08972585201263428
17,17,140,100,40,0.05,0.1,0.6,0.3,0.09353217482566833
18,18,141,100,40,0.05,0.1,0.7,0.2,0.11805275827646255
19,19,142,100,40,0.05,0.1,0.8,0.1,0.10269065201282501
20,20,143,100,40,0.05,0.1,0.9,0.0,0.14747583866119385
21,21,144,100,40,0.05,0.2,0.0,0.8,0.04611031711101532
22,22,145,100,40,0.05,0.2,0.1,0.7,0.043217629194259644
23,23,146,100,40,0.05,0.2,0.2,0.6,0.04376315698027611
24,24,147,100,40,0.05,0.2,0.3,0.5,0.06589185446500778
25,25,148,100,40,0.05,0.2,0.4,0.4,0.05726964399218559
26,26,149,100,40,0.05,0.2,0.5,0.3,0.06212329491972923
27,27,150,100,40,0.05,0.2,0.6,0.2,0.0729018822312355
28,28,151,100,40,0.05,0.19999999999999998,0.7,0.09999999999999999,0.11561662703752518
29,29,152,100,40,0.05,0.2,0.8,0.0,0.1252138763666153
30,30,153,100,40,0.05,0.3,0.0,0.7,0.0667027160525322
31,31,154,100,40,0.05,0.3,0.1,0.6,0.060515210032463074
32,32,155,100,40,0.05,0.3,0.2,0.5,0.06522978097200394
33,33,156,100,40,0.05,0.3,0.3,0.4,0.058695025742053986
34,34,157,100,40,0.05,0.3,0.4,0.3,0.054058145731687546
35,35,158,100,40,0.05,0.3,0.5,0.2,0.06975138187408447
36,36,159,100,40,0.05,0.3,0.6,0.09999999999999999,0.10324346274137497
37,37,160,100,40,0.05,0.3,0.7,0.0,0.04592110589146614
38,38,161,100,40,0.05,0.4,0.0,0.6,0.06191607192158699
39,39,162,100,40,0.05,0.4,0.1,0.5,0.05287868529558182
40,40,163,100,40,0.05,0.4,0.2,0.4,0.04903022199869156
41,41,164,100,40,0.05,0.4,0.3,0.3,0.057153403759002686
42,42,165,100,40,0.05,0.4,0.4,0.2,0.06982351094484329
43,43,166,100,40,0.05,0.4,0.5,0.1,0.08789412677288055
44,44,167,100,40,0.05,0.4,0.6,0.0,0.0854315236210823
45,45,168,100,40,0.05,0.5,0.0,0.5,0.0140831945464015
46,46,169,100,40,0.05,0.5,0.1,0.4,0.05108517035841942
47,47,170,100,40,0.05,0.5,0.2,0.3,0.050832126289606094
48,48,171,100,40,0.05,0.5,0.3,0.2,0.05794826149940491
49,49,172,100,40,0.05,0.5,0.4,0.1,0.07714136689901352
50,50,173,100,40,0.05,0.5,0.5,0.0,0.06752043217420578
51,51,174,100,40,0.05,0.6,0.0,0.4,0.010684095323085785
52,52,175,100,40,0.05,0.6,0.1,0.3,0.04036621376872063
53,53,176,100,40,0.05,0.6,0.2,0.2,0.051898982375860214
54,54,177,100,40,0.05,0.6,0.3,0.09999999999999999,0.06323423981666565
55,55,178,100,40,0.05,0.6,0.4,0.0,0.03622806444764137
56,56,179,100,40,0.05,0.7,0.0,0.3,0.009045612066984177
57,57,180,100,40,0.05,0.7,0.1,0.2,0.04409655183553696
58,58,181,100,40,0.05,0.7,0.19999999999999998,0.09999999999999999,0.06325168907642365
59,59,182,100,40,0.05,0.7,0.3,0.0,0.03650286793708801
60,60,183,100,40,0.05,0.8,0.0,0.2,0.030640313401818275
61,61,184,100,40,0.05,0.8,0.1,0.1,0.051737625151872635
62,62,185,100,40,0.05,0.8,0.2,0.0,0.0335678905248642
63,63,186,100,40,0.05,0.9,0.0,0.1,0.0040925233624875546
64,64,187,100,40,0.05,0.9,0.1,0.0,0.022121332585811615
65,65,188,100,40,0.05,1.0,0.0,0.0,0.004473592154681683
